Beach,Image,Results,Seal Conf Lvl,Clump Conf Lvl,Overlap,Clump Threshold,Ground Truth,Median Prop Diff
LN,DJI_0781,132.64,30,30,20,5,50,1.6527999999999998
LN,DJI_0781,238.27999999999997,30,30,20,6,50,3.7655999999999996
LN,DJI_0781,129.64,32,30,20,5,50,1.5927999999999998
LN,DJI_0781,235.27999999999997,32,30,20,6,50,3.7055999999999996
LN,DJI_0781,127.63999999999999,34,30,20,5,50,1.5527999999999997
LN,DJI_0781,233.27999999999997,34,30,20,6,50,3.6655999999999995
LN,DJI_0781,127.63999999999999,36,30,20,5,50,1.5527999999999997
LN,DJI_0781,233.27999999999997,36,30,20,6,50,3.6655999999999995
LN,DJI_0781,127.63999999999999,38,30,20,5,50,1.5527999999999997
LN,DJI_0781,233.27999999999997,38,30,20,6,50,3.6655999999999995
LN,DJI_0781,124.63999999999999,40,30,20,5,50,1.4927999999999997
LN,DJI_0781,230.27999999999997,40,30,20,6,50,3.6055999999999995
LN,DJI_0781,129.31,30,32,20,5,50,1.5862
LN,DJI_0781,231.62,30,32,20,6,50,3.6324
LN,DJI_0781,126.30999999999999,32,32,20,5,50,1.5261999999999998
LN,DJI_0781,228.61999999999998,32,32,20,6,50,3.5723999999999996
LN,DJI_0781,124.30999999999999,34,32,20,5,50,1.4861999999999997
LN,DJI_0781,226.61999999999998,34,32,20,6,50,3.5323999999999995
LN,DJI_0781,124.30999999999999,36,32,20,5,50,1.4861999999999997
LN,DJI_0781,226.61999999999998,36,32,20,6,50,3.5323999999999995
LN,DJI_0781,124.30999999999999,38,32,20,5,50,1.4861999999999997
LN,DJI_0781,226.61999999999998,38,32,20,6,50,3.5323999999999995
LN,DJI_0781,121.30999999999999,40,32,20,5,50,1.4261999999999997
LN,DJI_0781,223.61999999999998,40,32,20,6,50,3.4723999999999995
LN,DJI_0781,125.74,30,34,20,5,50,1.5148
LN,DJI_0781,223.48,30,34,20,6,50,3.4696
LN,DJI_0781,122.74,32,34,20,5,50,1.4547999999999999
LN,DJI_0781,220.48,32,34,20,6,50,3.4095999999999997
LN,DJI_0781,120.74,34,34,20,5,50,1.4147999999999998
LN,DJI_0781,218.48,34,34,20,6,50,3.3695999999999997
LN,DJI_0781,120.74,36,34,20,5,50,1.4147999999999998
LN,DJI_0781,218.48,36,34,20,6,50,3.3695999999999997
LN,DJI_0781,120.74,38,34,20,5,50,1.4147999999999998
LN,DJI_0781,218.48,38,34,20,6,50,3.3695999999999997
LN,DJI_0781,117.74,40,34,20,5,50,1.3548
LN,DJI_0781,215.48,40,34,20,6,50,3.3095999999999997
LN,DJI_0781,123.86,30,36,20,5,50,1.4772
LN,DJI_0781,219.72,30,36,20,6,50,3.3944
LN,DJI_0781,120.86,32,36,20,5,50,1.4172
LN,DJI_0781,216.72,32,36,20,6,50,3.3344
LN,DJI_0781,118.86,34,36,20,5,50,1.3772
LN,DJI_0781,214.72,34,36,20,6,50,3.2944
LN,DJI_0781,118.86,36,36,20,5,50,1.3772
LN,DJI_0781,214.72,36,36,20,6,50,3.2944
LN,DJI_0781,118.86,38,36,20,5,50,1.3772
LN,DJI_0781,214.72,38,36,20,6,50,3.2944
LN,DJI_0781,115.86,40,36,20,5,50,1.3172
LN,DJI_0781,211.72,40,36,20,6,50,3.2344
LN,DJI_0781,123.86,30,38,20,5,50,1.4772
LN,DJI_0781,219.72,30,38,20,6,50,3.3944
LN,DJI_0781,120.86,32,38,20,5,50,1.4172
LN,DJI_0781,216.72,32,38,20,6,50,3.3344
LN,DJI_0781,118.86,34,38,20,5,50,1.3772
LN,DJI_0781,214.72,34,38,20,6,50,3.2944
LN,DJI_0781,118.86,36,38,20,5,50,1.3772
LN,DJI_0781,214.72,36,38,20,6,50,3.2944
LN,DJI_0781,118.86,38,38,20,5,50,1.3772
LN,DJI_0781,214.72,38,38,20,6,50,3.2944
LN,DJI_0781,115.86,40,38,20,5,50,1.3172
LN,DJI_0781,211.72,40,38,20,6,50,3.2344
LN,DJI_0781,113.5,30,40,20,5,50,1.27
LN,DJI_0781,195.0,30,40,20,6,50,2.9
LN,DJI_0781,109.5,32,40,20,5,50,1.19
LN,DJI_0781,191.0,32,40,20,6,50,2.82
LN,DJI_0781,106.5,34,40,20,5,50,1.13
LN,DJI_0781,188.0,34,40,20,6,50,2.76
LN,DJI_0781,106.5,36,40,20,5,50,1.13
LN,DJI_0781,188.0,36,40,20,6,50,2.76
LN,DJI_0781,106.5,38,40,20,5,50,1.13
LN,DJI_0781,188.0,38,40,20,6,50,2.76
LN,DJI_0781,103.5,40,40,20,5,50,1.07
LN,DJI_0781,185.0,40,40,20,6,50,2.7
LN,DJI_0781,132.64,30,30,21,5,50,1.6527999999999998
LN,DJI_0781,238.27999999999997,30,30,21,6,50,3.7655999999999996
LN,DJI_0781,129.64,32,30,21,5,50,1.5927999999999998
LN,DJI_0781,235.27999999999997,32,30,21,6,50,3.7055999999999996
LN,DJI_0781,127.63999999999999,34,30,21,5,50,1.5527999999999997
LN,DJI_0781,233.27999999999997,34,30,21,6,50,3.6655999999999995
LN,DJI_0781,127.63999999999999,36,30,21,5,50,1.5527999999999997
LN,DJI_0781,233.27999999999997,36,30,21,6,50,3.6655999999999995
LN,DJI_0781,127.63999999999999,38,30,21,5,50,1.5527999999999997
LN,DJI_0781,233.27999999999997,38,30,21,6,50,3.6655999999999995
LN,DJI_0781,124.63999999999999,40,30,21,5,50,1.4927999999999997
LN,DJI_0781,230.27999999999997,40,30,21,6,50,3.6055999999999995
LN,DJI_0781,129.31,30,32,21,5,50,1.5862
LN,DJI_0781,231.62,30,32,21,6,50,3.6324
LN,DJI_0781,126.30999999999999,32,32,21,5,50,1.5261999999999998
LN,DJI_0781,228.61999999999998,32,32,21,6,50,3.5723999999999996
LN,DJI_0781,124.30999999999999,34,32,21,5,50,1.4861999999999997
LN,DJI_0781,226.61999999999998,34,32,21,6,50,3.5323999999999995
LN,DJI_0781,124.30999999999999,36,32,21,5,50,1.4861999999999997
LN,DJI_0781,226.61999999999998,36,32,21,6,50,3.5323999999999995
LN,DJI_0781,124.30999999999999,38,32,21,5,50,1.4861999999999997
LN,DJI_0781,226.61999999999998,38,32,21,6,50,3.5323999999999995
LN,DJI_0781,121.30999999999999,40,32,21,5,50,1.4261999999999997
LN,DJI_0781,223.61999999999998,40,32,21,6,50,3.4723999999999995
LN,DJI_0781,125.74,30,34,21,5,50,1.5148
LN,DJI_0781,223.48,30,34,21,6,50,3.4696
LN,DJI_0781,122.74,32,34,21,5,50,1.4547999999999999
LN,DJI_0781,220.48,32,34,21,6,50,3.4095999999999997
LN,DJI_0781,120.74,34,34,21,5,50,1.4147999999999998
LN,DJI_0781,218.48,34,34,21,6,50,3.3695999999999997
LN,DJI_0781,120.74,36,34,21,5,50,1.4147999999999998
LN,DJI_0781,218.48,36,34,21,6,50,3.3695999999999997
LN,DJI_0781,120.74,38,34,21,5,50,1.4147999999999998
LN,DJI_0781,218.48,38,34,21,6,50,3.3695999999999997
LN,DJI_0781,117.74,40,34,21,5,50,1.3548
LN,DJI_0781,215.48,40,34,21,6,50,3.3095999999999997
LN,DJI_0781,123.86,30,36,21,5,50,1.4772
LN,DJI_0781,219.72,30,36,21,6,50,3.3944
LN,DJI_0781,120.86,32,36,21,5,50,1.4172
LN,DJI_0781,216.72,32,36,21,6,50,3.3344
LN,DJI_0781,118.86,34,36,21,5,50,1.3772
LN,DJI_0781,214.72,34,36,21,6,50,3.2944
LN,DJI_0781,118.86,36,36,21,5,50,1.3772
LN,DJI_0781,214.72,36,36,21,6,50,3.2944
LN,DJI_0781,118.86,38,36,21,5,50,1.3772
LN,DJI_0781,214.72,38,36,21,6,50,3.2944
LN,DJI_0781,115.86,40,36,21,5,50,1.3172
LN,DJI_0781,211.72,40,36,21,6,50,3.2344
LN,DJI_0781,123.86,30,38,21,5,50,1.4772
LN,DJI_0781,219.72,30,38,21,6,50,3.3944
LN,DJI_0781,120.86,32,38,21,5,50,1.4172
LN,DJI_0781,216.72,32,38,21,6,50,3.3344
LN,DJI_0781,118.86,34,38,21,5,50,1.3772
LN,DJI_0781,214.72,34,38,21,6,50,3.2944
LN,DJI_0781,118.86,36,38,21,5,50,1.3772
LN,DJI_0781,214.72,36,38,21,6,50,3.2944
LN,DJI_0781,118.86,38,38,21,5,50,1.3772
LN,DJI_0781,214.72,38,38,21,6,50,3.2944
LN,DJI_0781,115.86,40,38,21,5,50,1.3172
LN,DJI_0781,211.72,40,38,21,6,50,3.2344
LN,DJI_0781,113.5,30,40,21,5,50,1.27
LN,DJI_0781,195.0,30,40,21,6,50,2.9
LN,DJI_0781,109.5,32,40,21,5,50,1.19
LN,DJI_0781,191.0,32,40,21,6,50,2.82
LN,DJI_0781,106.5,34,40,21,5,50,1.13
LN,DJI_0781,188.0,34,40,21,6,50,2.76
LN,DJI_0781,106.5,36,40,21,5,50,1.13
LN,DJI_0781,188.0,36,40,21,6,50,2.76
LN,DJI_0781,106.5,38,40,21,5,50,1.13
LN,DJI_0781,188.0,38,40,21,6,50,2.76
LN,DJI_0781,103.5,40,40,21,5,50,1.07
LN,DJI_0781,185.0,40,40,21,6,50,2.7
LN,DJI_0783,31.34,30,30,20,5,9,2.482222222222222
LN,DJI_0783,53.68,30,30,20,6,9,4.964444444444444
LN,DJI_0783,31.34,32,30,20,5,9,2.482222222222222
LN,DJI_0783,53.68,32,30,20,6,9,4.964444444444444
LN,DJI_0783,31.34,34,30,20,5,9,2.482222222222222
LN,DJI_0783,53.68,34,30,20,6,9,4.964444444444444
LN,DJI_0783,30.34,36,30,20,5,9,2.371111111111111
LN,DJI_0783,52.68,36,30,20,6,9,4.8533333333333335
LN,DJI_0783,30.34,38,30,20,5,9,2.371111111111111
LN,DJI_0783,52.68,38,30,20,6,9,4.8533333333333335
LN,DJI_0783,29.34,40,30,20,5,9,2.26
LN,DJI_0783,51.68,40,30,20,6,9,4.742222222222222
LN,DJI_0783,31.34,30,32,20,5,9,2.482222222222222
LN,DJI_0783,53.68,30,32,20,6,9,4.964444444444444
LN,DJI_0783,31.34,32,32,20,5,9,2.482222222222222
LN,DJI_0783,53.68,32,32,20,6,9,4.964444444444444
LN,DJI_0783,31.34,34,32,20,5,9,2.482222222222222
LN,DJI_0783,53.68,34,32,20,6,9,4.964444444444444
LN,DJI_0783,30.34,36,32,20,5,9,2.371111111111111
LN,DJI_0783,52.68,36,32,20,6,9,4.8533333333333335
LN,DJI_0783,30.34,38,32,20,5,9,2.371111111111111
LN,DJI_0783,52.68,38,32,20,6,9,4.8533333333333335
LN,DJI_0783,29.34,40,32,20,5,9,2.26
LN,DJI_0783,51.68,40,32,20,6,9,4.742222222222222
LN,DJI_0783,29.32,30,34,20,5,9,2.2577777777777777
LN,DJI_0783,29.32,30,34,20,6,9,2.2577777777777777
LN,DJI_0783,29.32,32,34,20,5,9,2.2577777777777777
LN,DJI_0783,29.32,32,34,20,6,9,2.2577777777777777
LN,DJI_0783,29.32,34,34,20,5,9,2.2577777777777777
LN,DJI_0783,29.32,34,34,20,6,9,2.2577777777777777
LN,DJI_0783,28.32,36,34,20,5,9,2.1466666666666665
LN,DJI_0783,28.32,36,34,20,6,9,2.1466666666666665
LN,DJI_0783,28.32,38,34,20,5,9,2.1466666666666665
LN,DJI_0783,28.32,38,34,20,6,9,2.1466666666666665
LN,DJI_0783,27.32,40,34,20,5,9,2.035555555555556
LN,DJI_0783,27.32,40,34,20,6,9,2.035555555555556
LN,DJI_0783,29.32,30,36,20,5,9,2.2577777777777777
LN,DJI_0783,29.32,30,36,20,6,9,2.2577777777777777
LN,DJI_0783,29.32,32,36,20,5,9,2.2577777777777777
LN,DJI_0783,29.32,32,36,20,6,9,2.2577777777777777
LN,DJI_0783,29.32,34,36,20,5,9,2.2577777777777777
LN,DJI_0783,29.32,34,36,20,6,9,2.2577777777777777
LN,DJI_0783,28.32,36,36,20,5,9,2.1466666666666665
LN,DJI_0783,28.32,36,36,20,6,9,2.1466666666666665
LN,DJI_0783,28.32,38,36,20,5,9,2.1466666666666665
LN,DJI_0783,28.32,38,36,20,6,9,2.1466666666666665
LN,DJI_0783,27.32,40,36,20,5,9,2.035555555555556
LN,DJI_0783,27.32,40,36,20,6,9,2.035555555555556
LN,DJI_0783,11.0,30,38,20,5,9,0.2222222222222222
LN,DJI_0783,11.0,30,38,20,6,9,0.2222222222222222
LN,DJI_0783,11.0,32,38,20,5,9,0.2222222222222222
LN,DJI_0783,11.0,32,38,20,6,9,0.2222222222222222
LN,DJI_0783,11.0,34,38,20,5,9,0.2222222222222222
LN,DJI_0783,11.0,34,38,20,6,9,0.2222222222222222
LN,DJI_0783,10.0,36,38,20,5,9,0.1111111111111111
LN,DJI_0783,10.0,36,38,20,6,9,0.1111111111111111
LN,DJI_0783,10.0,38,38,20,5,9,0.1111111111111111
LN,DJI_0783,10.0,38,38,20,6,9,0.1111111111111111
LN,DJI_0783,9.0,40,38,20,5,9,0.0
LN,DJI_0783,9.0,40,38,20,6,9,0.0
LN,DJI_0783,11.0,30,40,20,5,9,0.2222222222222222
LN,DJI_0783,11.0,30,40,20,6,9,0.2222222222222222
LN,DJI_0783,11.0,32,40,20,5,9,0.2222222222222222
LN,DJI_0783,11.0,32,40,20,6,9,0.2222222222222222
LN,DJI_0783,11.0,34,40,20,5,9,0.2222222222222222
LN,DJI_0783,11.0,34,40,20,6,9,0.2222222222222222
LN,DJI_0783,10.0,36,40,20,5,9,0.1111111111111111
LN,DJI_0783,10.0,36,40,20,6,9,0.1111111111111111
LN,DJI_0783,10.0,38,40,20,5,9,0.1111111111111111
LN,DJI_0783,10.0,38,40,20,6,9,0.1111111111111111
LN,DJI_0783,9.0,40,40,20,5,9,0.0
LN,DJI_0783,9.0,40,40,20,6,9,0.0
LN,DJI_0783,31.34,30,30,21,5,9,2.482222222222222
LN,DJI_0783,53.68,30,30,21,6,9,4.964444444444444
LN,DJI_0783,31.34,32,30,21,5,9,2.482222222222222
LN,DJI_0783,53.68,32,30,21,6,9,4.964444444444444
LN,DJI_0783,31.34,34,30,21,5,9,2.482222222222222
LN,DJI_0783,53.68,34,30,21,6,9,4.964444444444444
LN,DJI_0783,30.34,36,30,21,5,9,2.371111111111111
LN,DJI_0783,52.68,36,30,21,6,9,4.8533333333333335
LN,DJI_0783,30.34,38,30,21,5,9,2.371111111111111
LN,DJI_0783,52.68,38,30,21,6,9,4.8533333333333335
LN,DJI_0783,29.34,40,30,21,5,9,2.26
LN,DJI_0783,51.68,40,30,21,6,9,4.742222222222222
LN,DJI_0783,31.34,30,32,21,5,9,2.482222222222222
LN,DJI_0783,53.68,30,32,21,6,9,4.964444444444444
LN,DJI_0783,31.34,32,32,21,5,9,2.482222222222222
LN,DJI_0783,53.68,32,32,21,6,9,4.964444444444444
LN,DJI_0783,31.34,34,32,21,5,9,2.482222222222222
LN,DJI_0783,53.68,34,32,21,6,9,4.964444444444444
LN,DJI_0783,30.34,36,32,21,5,9,2.371111111111111
LN,DJI_0783,52.68,36,32,21,6,9,4.8533333333333335
LN,DJI_0783,30.34,38,32,21,5,9,2.371111111111111
LN,DJI_0783,52.68,38,32,21,6,9,4.8533333333333335
LN,DJI_0783,29.34,40,32,21,5,9,2.26
LN,DJI_0783,51.68,40,32,21,6,9,4.742222222222222
LN,DJI_0783,29.32,30,34,21,5,9,2.2577777777777777
LN,DJI_0783,29.32,30,34,21,6,9,2.2577777777777777
LN,DJI_0783,29.32,32,34,21,5,9,2.2577777777777777
LN,DJI_0783,29.32,32,34,21,6,9,2.2577777777777777
LN,DJI_0783,29.32,34,34,21,5,9,2.2577777777777777
LN,DJI_0783,29.32,34,34,21,6,9,2.2577777777777777
LN,DJI_0783,28.32,36,34,21,5,9,2.1466666666666665
LN,DJI_0783,28.32,36,34,21,6,9,2.1466666666666665
LN,DJI_0783,28.32,38,34,21,5,9,2.1466666666666665
LN,DJI_0783,28.32,38,34,21,6,9,2.1466666666666665
LN,DJI_0783,27.32,40,34,21,5,9,2.035555555555556
LN,DJI_0783,27.32,40,34,21,6,9,2.035555555555556
LN,DJI_0783,29.32,30,36,21,5,9,2.2577777777777777
LN,DJI_0783,29.32,30,36,21,6,9,2.2577777777777777
LN,DJI_0783,29.32,32,36,21,5,9,2.2577777777777777
LN,DJI_0783,29.32,32,36,21,6,9,2.2577777777777777
LN,DJI_0783,29.32,34,36,21,5,9,2.2577777777777777
LN,DJI_0783,29.32,34,36,21,6,9,2.2577777777777777
LN,DJI_0783,28.32,36,36,21,5,9,2.1466666666666665
LN,DJI_0783,28.32,36,36,21,6,9,2.1466666666666665
LN,DJI_0783,28.32,38,36,21,5,9,2.1466666666666665
LN,DJI_0783,28.32,38,36,21,6,9,2.1466666666666665
LN,DJI_0783,27.32,40,36,21,5,9,2.035555555555556
LN,DJI_0783,27.32,40,36,21,6,9,2.035555555555556
LN,DJI_0783,11.0,30,38,21,5,9,0.2222222222222222
LN,DJI_0783,11.0,30,38,21,6,9,0.2222222222222222
LN,DJI_0783,11.0,32,38,21,5,9,0.2222222222222222
LN,DJI_0783,11.0,32,38,21,6,9,0.2222222222222222
LN,DJI_0783,11.0,34,38,21,5,9,0.2222222222222222
LN,DJI_0783,11.0,34,38,21,6,9,0.2222222222222222
LN,DJI_0783,10.0,36,38,21,5,9,0.1111111111111111
LN,DJI_0783,10.0,36,38,21,6,9,0.1111111111111111
LN,DJI_0783,10.0,38,38,21,5,9,0.1111111111111111
LN,DJI_0783,10.0,38,38,21,6,9,0.1111111111111111
LN,DJI_0783,9.0,40,38,21,5,9,0.0
LN,DJI_0783,9.0,40,38,21,6,9,0.0
LN,DJI_0783,11.0,30,40,21,5,9,0.2222222222222222
LN,DJI_0783,11.0,30,40,21,6,9,0.2222222222222222
LN,DJI_0783,11.0,32,40,21,5,9,0.2222222222222222
LN,DJI_0783,11.0,32,40,21,6,9,0.2222222222222222
LN,DJI_0783,11.0,34,40,21,5,9,0.2222222222222222
LN,DJI_0783,11.0,34,40,21,6,9,0.2222222222222222
LN,DJI_0783,10.0,36,40,21,5,9,0.1111111111111111
LN,DJI_0783,10.0,36,40,21,6,9,0.1111111111111111
LN,DJI_0783,10.0,38,40,21,5,9,0.1111111111111111
LN,DJI_0783,10.0,38,40,21,6,9,0.1111111111111111
LN,DJI_0783,9.0,40,40,21,5,9,0.0
LN,DJI_0783,9.0,40,40,21,6,9,0.0
LN,DJI_0786,3.0,30,30,20,5,3,0.0
LN,DJI_0786,3.0,30,30,20,6,3,0.0
LN,DJI_0786,3.0,32,30,20,5,3,0.0
LN,DJI_0786,3.0,32,30,20,6,3,0.0
LN,DJI_0786,3.0,34,30,20,5,3,0.0
LN,DJI_0786,3.0,34,30,20,6,3,0.0
LN,DJI_0786,2.0,36,30,20,5,3,0.3333333333333333
LN,DJI_0786,2.0,36,30,20,6,3,0.3333333333333333
LN,DJI_0786,1.0,38,30,20,5,3,0.6666666666666666
LN,DJI_0786,1.0,38,30,20,6,3,0.6666666666666666
LN,DJI_0786,1.0,40,30,20,5,3,0.6666666666666666
LN,DJI_0786,1.0,40,30,20,6,3,0.6666666666666666
LN,DJI_0786,3.0,30,32,20,5,3,0.0
LN,DJI_0786,3.0,30,32,20,6,3,0.0
LN,DJI_0786,3.0,32,32,20,5,3,0.0
LN,DJI_0786,3.0,32,32,20,6,3,0.0
LN,DJI_0786,3.0,34,32,20,5,3,0.0
LN,DJI_0786,3.0,34,32,20,6,3,0.0
LN,DJI_0786,2.0,36,32,20,5,3,0.3333333333333333
LN,DJI_0786,2.0,36,32,20,6,3,0.3333333333333333
LN,DJI_0786,1.0,38,32,20,5,3,0.6666666666666666
LN,DJI_0786,1.0,38,32,20,6,3,0.6666666666666666
LN,DJI_0786,1.0,40,32,20,5,3,0.6666666666666666
LN,DJI_0786,1.0,40,32,20,6,3,0.6666666666666666
LN,DJI_0786,3.0,30,34,20,5,3,0.0
LN,DJI_0786,3.0,30,34,20,6,3,0.0
LN,DJI_0786,3.0,32,34,20,5,3,0.0
LN,DJI_0786,3.0,32,34,20,6,3,0.0
LN,DJI_0786,3.0,34,34,20,5,3,0.0
LN,DJI_0786,3.0,34,34,20,6,3,0.0
LN,DJI_0786,2.0,36,34,20,5,3,0.3333333333333333
LN,DJI_0786,2.0,36,34,20,6,3,0.3333333333333333
LN,DJI_0786,1.0,38,34,20,5,3,0.6666666666666666
LN,DJI_0786,1.0,38,34,20,6,3,0.6666666666666666
LN,DJI_0786,1.0,40,34,20,5,3,0.6666666666666666
LN,DJI_0786,1.0,40,34,20,6,3,0.6666666666666666
LN,DJI_0786,3.0,30,36,20,5,3,0.0
LN,DJI_0786,3.0,30,36,20,6,3,0.0
LN,DJI_0786,3.0,32,36,20,5,3,0.0
LN,DJI_0786,3.0,32,36,20,6,3,0.0
LN,DJI_0786,3.0,34,36,20,5,3,0.0
LN,DJI_0786,3.0,34,36,20,6,3,0.0
LN,DJI_0786,2.0,36,36,20,5,3,0.3333333333333333
LN,DJI_0786,2.0,36,36,20,6,3,0.3333333333333333
LN,DJI_0786,1.0,38,36,20,5,3,0.6666666666666666
LN,DJI_0786,1.0,38,36,20,6,3,0.6666666666666666
LN,DJI_0786,1.0,40,36,20,5,3,0.6666666666666666
LN,DJI_0786,1.0,40,36,20,6,3,0.6666666666666666
LN,DJI_0786,3.0,30,38,20,5,3,0.0
LN,DJI_0786,3.0,30,38,20,6,3,0.0
LN,DJI_0786,3.0,32,38,20,5,3,0.0
LN,DJI_0786,3.0,32,38,20,6,3,0.0
LN,DJI_0786,3.0,34,38,20,5,3,0.0
LN,DJI_0786,3.0,34,38,20,6,3,0.0
LN,DJI_0786,2.0,36,38,20,5,3,0.3333333333333333
LN,DJI_0786,2.0,36,38,20,6,3,0.3333333333333333
LN,DJI_0786,1.0,38,38,20,5,3,0.6666666666666666
LN,DJI_0786,1.0,38,38,20,6,3,0.6666666666666666
LN,DJI_0786,1.0,40,38,20,5,3,0.6666666666666666
LN,DJI_0786,1.0,40,38,20,6,3,0.6666666666666666
LN,DJI_0786,5.0,30,40,20,5,3,0.6666666666666666
LN,DJI_0786,5.0,30,40,20,6,3,0.6666666666666666
LN,DJI_0786,5.0,32,40,20,5,3,0.6666666666666666
LN,DJI_0786,5.0,32,40,20,6,3,0.6666666666666666
LN,DJI_0786,5.0,34,40,20,5,3,0.6666666666666666
LN,DJI_0786,5.0,34,40,20,6,3,0.6666666666666666
LN,DJI_0786,4.0,36,40,20,5,3,0.3333333333333333
LN,DJI_0786,4.0,36,40,20,6,3,0.3333333333333333
LN,DJI_0786,3.0,38,40,20,5,3,0.0
LN,DJI_0786,3.0,38,40,20,6,3,0.0
LN,DJI_0786,3.0,40,40,20,5,3,0.0
LN,DJI_0786,3.0,40,40,20,6,3,0.0
LN,DJI_0786,3.0,30,30,21,5,3,0.0
LN,DJI_0786,3.0,30,30,21,6,3,0.0
LN,DJI_0786,3.0,32,30,21,5,3,0.0
LN,DJI_0786,3.0,32,30,21,6,3,0.0
LN,DJI_0786,3.0,34,30,21,5,3,0.0
LN,DJI_0786,3.0,34,30,21,6,3,0.0
LN,DJI_0786,2.0,36,30,21,5,3,0.3333333333333333
LN,DJI_0786,2.0,36,30,21,6,3,0.3333333333333333
LN,DJI_0786,1.0,38,30,21,5,3,0.6666666666666666
LN,DJI_0786,1.0,38,30,21,6,3,0.6666666666666666
LN,DJI_0786,1.0,40,30,21,5,3,0.6666666666666666
LN,DJI_0786,1.0,40,30,21,6,3,0.6666666666666666
LN,DJI_0786,3.0,30,32,21,5,3,0.0
LN,DJI_0786,3.0,30,32,21,6,3,0.0
LN,DJI_0786,3.0,32,32,21,5,3,0.0
LN,DJI_0786,3.0,32,32,21,6,3,0.0
LN,DJI_0786,3.0,34,32,21,5,3,0.0
LN,DJI_0786,3.0,34,32,21,6,3,0.0
LN,DJI_0786,2.0,36,32,21,5,3,0.3333333333333333
LN,DJI_0786,2.0,36,32,21,6,3,0.3333333333333333
LN,DJI_0786,1.0,38,32,21,5,3,0.6666666666666666
LN,DJI_0786,1.0,38,32,21,6,3,0.6666666666666666
LN,DJI_0786,1.0,40,32,21,5,3,0.6666666666666666
LN,DJI_0786,1.0,40,32,21,6,3,0.6666666666666666
LN,DJI_0786,3.0,30,34,21,5,3,0.0
LN,DJI_0786,3.0,30,34,21,6,3,0.0
LN,DJI_0786,3.0,32,34,21,5,3,0.0
LN,DJI_0786,3.0,32,34,21,6,3,0.0
LN,DJI_0786,3.0,34,34,21,5,3,0.0
LN,DJI_0786,3.0,34,34,21,6,3,0.0
LN,DJI_0786,2.0,36,34,21,5,3,0.3333333333333333
LN,DJI_0786,2.0,36,34,21,6,3,0.3333333333333333
LN,DJI_0786,1.0,38,34,21,5,3,0.6666666666666666
LN,DJI_0786,1.0,38,34,21,6,3,0.6666666666666666
LN,DJI_0786,1.0,40,34,21,5,3,0.6666666666666666
LN,DJI_0786,1.0,40,34,21,6,3,0.6666666666666666
LN,DJI_0786,3.0,30,36,21,5,3,0.0
LN,DJI_0786,3.0,30,36,21,6,3,0.0
LN,DJI_0786,3.0,32,36,21,5,3,0.0
LN,DJI_0786,3.0,32,36,21,6,3,0.0
LN,DJI_0786,3.0,34,36,21,5,3,0.0
LN,DJI_0786,3.0,34,36,21,6,3,0.0
LN,DJI_0786,2.0,36,36,21,5,3,0.3333333333333333
LN,DJI_0786,2.0,36,36,21,6,3,0.3333333333333333
LN,DJI_0786,1.0,38,36,21,5,3,0.6666666666666666
LN,DJI_0786,1.0,38,36,21,6,3,0.6666666666666666
LN,DJI_0786,1.0,40,36,21,5,3,0.6666666666666666
LN,DJI_0786,1.0,40,36,21,6,3,0.6666666666666666
LN,DJI_0786,3.0,30,38,21,5,3,0.0
LN,DJI_0786,3.0,30,38,21,6,3,0.0
LN,DJI_0786,3.0,32,38,21,5,3,0.0
LN,DJI_0786,3.0,32,38,21,6,3,0.0
LN,DJI_0786,3.0,34,38,21,5,3,0.0
LN,DJI_0786,3.0,34,38,21,6,3,0.0
LN,DJI_0786,2.0,36,38,21,5,3,0.3333333333333333
LN,DJI_0786,2.0,36,38,21,6,3,0.3333333333333333
LN,DJI_0786,1.0,38,38,21,5,3,0.6666666666666666
LN,DJI_0786,1.0,38,38,21,6,3,0.6666666666666666
LN,DJI_0786,1.0,40,38,21,5,3,0.6666666666666666
LN,DJI_0786,1.0,40,38,21,6,3,0.6666666666666666
LN,DJI_0786,5.0,30,40,21,5,3,0.6666666666666666
LN,DJI_0786,5.0,30,40,21,6,3,0.6666666666666666
LN,DJI_0786,5.0,32,40,21,5,3,0.6666666666666666
LN,DJI_0786,5.0,32,40,21,6,3,0.6666666666666666
LN,DJI_0786,5.0,34,40,21,5,3,0.6666666666666666
LN,DJI_0786,5.0,34,40,21,6,3,0.6666666666666666
LN,DJI_0786,4.0,36,40,21,5,3,0.3333333333333333
LN,DJI_0786,4.0,36,40,21,6,3,0.3333333333333333
LN,DJI_0786,3.0,38,40,21,5,3,0.0
LN,DJI_0786,3.0,38,40,21,6,3,0.0
LN,DJI_0786,3.0,40,40,21,5,3,0.0
LN,DJI_0786,3.0,40,40,21,6,3,0.0
LN,DJI_0788,53.86000000000001,30,30,20,5,19,1.8347368421052634
LN,DJI_0788,93.72000000000001,30,30,20,6,19,3.932631578947369
LN,DJI_0788,52.86000000000001,32,30,20,5,19,1.782105263157895
LN,DJI_0788,92.72000000000001,32,30,20,6,19,3.880000000000001
LN,DJI_0788,50.86000000000001,34,30,20,5,19,1.6768421052631581
LN,DJI_0788,90.72000000000001,34,30,20,6,19,3.774736842105264
LN,DJI_0788,50.86000000000001,36,30,20,5,19,1.6768421052631581
LN,DJI_0788,90.72000000000001,36,30,20,6,19,3.774736842105264
LN,DJI_0788,49.86000000000001,38,30,20,5,19,1.6242105263157898
LN,DJI_0788,89.72000000000001,38,30,20,6,19,3.7221052631578955
LN,DJI_0788,49.86000000000001,40,30,20,5,19,1.6242105263157898
LN,DJI_0788,89.72000000000001,40,30,20,6,19,3.7221052631578955
LN,DJI_0788,51.510000000000005,30,32,20,5,19,1.7110526315789476
LN,DJI_0788,89.02000000000001,30,32,20,6,19,3.6852631578947372
LN,DJI_0788,50.510000000000005,32,32,20,5,19,1.6584210526315792
LN,DJI_0788,88.02000000000001,32,32,20,6,19,3.632631578947369
LN,DJI_0788,48.510000000000005,34,32,20,5,19,1.5531578947368423
LN,DJI_0788,86.02000000000001,34,32,20,6,19,3.527368421052632
LN,DJI_0788,48.510000000000005,36,32,20,5,19,1.5531578947368423
LN,DJI_0788,86.02000000000001,36,32,20,6,19,3.527368421052632
LN,DJI_0788,47.510000000000005,38,32,20,5,19,1.500526315789474
LN,DJI_0788,85.02000000000001,38,32,20,6,19,3.474736842105264
LN,DJI_0788,47.510000000000005,40,32,20,5,19,1.500526315789474
LN,DJI_0788,85.02000000000001,40,32,20,6,19,3.474736842105264
LN,DJI_0788,50.900000000000006,30,34,20,5,19,1.678947368421053
LN,DJI_0788,86.80000000000001,30,34,20,6,19,3.5684210526315794
LN,DJI_0788,49.900000000000006,32,34,20,5,19,1.6263157894736846
LN,DJI_0788,85.80000000000001,32,34,20,6,19,3.5157894736842112
LN,DJI_0788,47.900000000000006,34,34,20,5,19,1.5210526315789477
LN,DJI_0788,83.80000000000001,34,34,20,6,19,3.410526315789474
LN,DJI_0788,47.900000000000006,36,34,20,5,19,1.5210526315789477
LN,DJI_0788,83.80000000000001,36,34,20,6,19,3.410526315789474
LN,DJI_0788,46.900000000000006,38,34,20,5,19,1.4684210526315793
LN,DJI_0788,82.80000000000001,38,34,20,6,19,3.357894736842106
LN,DJI_0788,46.900000000000006,40,34,20,5,19,1.4684210526315793
LN,DJI_0788,82.80000000000001,40,34,20,6,19,3.357894736842106
LN,DJI_0788,50.900000000000006,30,36,20,5,19,1.678947368421053
LN,DJI_0788,86.80000000000001,30,36,20,6,19,3.5684210526315794
LN,DJI_0788,49.900000000000006,32,36,20,5,19,1.6263157894736846
LN,DJI_0788,85.80000000000001,32,36,20,6,19,3.5157894736842112
LN,DJI_0788,47.900000000000006,34,36,20,5,19,1.5210526315789477
LN,DJI_0788,83.80000000000001,34,36,20,6,19,3.410526315789474
LN,DJI_0788,47.900000000000006,36,36,20,5,19,1.5210526315789477
LN,DJI_0788,83.80000000000001,36,36,20,6,19,3.410526315789474
LN,DJI_0788,46.900000000000006,38,36,20,5,19,1.4684210526315793
LN,DJI_0788,82.80000000000001,38,36,20,6,19,3.357894736842106
LN,DJI_0788,46.900000000000006,40,36,20,5,19,1.4684210526315793
LN,DJI_0788,82.80000000000001,40,36,20,6,19,3.357894736842106
LN,DJI_0788,50.900000000000006,30,38,20,5,19,1.678947368421053
LN,DJI_0788,86.80000000000001,30,38,20,6,19,3.5684210526315794
LN,DJI_0788,49.900000000000006,32,38,20,5,19,1.6263157894736846
LN,DJI_0788,85.80000000000001,32,38,20,6,19,3.5157894736842112
LN,DJI_0788,47.900000000000006,34,38,20,5,19,1.5210526315789477
LN,DJI_0788,83.80000000000001,34,38,20,6,19,3.410526315789474
LN,DJI_0788,47.900000000000006,36,38,20,5,19,1.5210526315789477
LN,DJI_0788,83.80000000000001,36,38,20,6,19,3.410526315789474
LN,DJI_0788,46.900000000000006,38,38,20,5,19,1.4684210526315793
LN,DJI_0788,82.80000000000001,38,38,20,6,19,3.357894736842106
LN,DJI_0788,46.900000000000006,40,38,20,5,19,1.4684210526315793
LN,DJI_0788,82.80000000000001,40,38,20,6,19,3.357894736842106
LN,DJI_0788,50.900000000000006,30,40,20,5,19,1.678947368421053
LN,DJI_0788,86.80000000000001,30,40,20,6,19,3.5684210526315794
LN,DJI_0788,49.900000000000006,32,40,20,5,19,1.6263157894736846
LN,DJI_0788,85.80000000000001,32,40,20,6,19,3.5157894736842112
LN,DJI_0788,47.900000000000006,34,40,20,5,19,1.5210526315789477
LN,DJI_0788,83.80000000000001,34,40,20,6,19,3.410526315789474
LN,DJI_0788,47.900000000000006,36,40,20,5,19,1.5210526315789477
LN,DJI_0788,83.80000000000001,36,40,20,6,19,3.410526315789474
LN,DJI_0788,46.900000000000006,38,40,20,5,19,1.4684210526315793
LN,DJI_0788,82.80000000000001,38,40,20,6,19,3.357894736842106
LN,DJI_0788,46.900000000000006,40,40,20,5,19,1.4684210526315793
LN,DJI_0788,82.80000000000001,40,40,20,6,19,3.357894736842106
LN,DJI_0788,53.86000000000001,30,30,21,5,19,1.8347368421052634
LN,DJI_0788,93.72000000000001,30,30,21,6,19,3.932631578947369
LN,DJI_0788,52.86000000000001,32,30,21,5,19,1.782105263157895
LN,DJI_0788,92.72000000000001,32,30,21,6,19,3.880000000000001
LN,DJI_0788,50.86000000000001,34,30,21,5,19,1.6768421052631581
LN,DJI_0788,90.72000000000001,34,30,21,6,19,3.774736842105264
LN,DJI_0788,50.86000000000001,36,30,21,5,19,1.6768421052631581
LN,DJI_0788,90.72000000000001,36,30,21,6,19,3.774736842105264
LN,DJI_0788,49.86000000000001,38,30,21,5,19,1.6242105263157898
LN,DJI_0788,89.72000000000001,38,30,21,6,19,3.7221052631578955
LN,DJI_0788,49.86000000000001,40,30,21,5,19,1.6242105263157898
LN,DJI_0788,89.72000000000001,40,30,21,6,19,3.7221052631578955
LN,DJI_0788,51.510000000000005,30,32,21,5,19,1.7110526315789476
LN,DJI_0788,89.02000000000001,30,32,21,6,19,3.6852631578947372
LN,DJI_0788,50.510000000000005,32,32,21,5,19,1.6584210526315792
LN,DJI_0788,88.02000000000001,32,32,21,6,19,3.632631578947369
LN,DJI_0788,48.510000000000005,34,32,21,5,19,1.5531578947368423
LN,DJI_0788,86.02000000000001,34,32,21,6,19,3.527368421052632
LN,DJI_0788,48.510000000000005,36,32,21,5,19,1.5531578947368423
LN,DJI_0788,86.02000000000001,36,32,21,6,19,3.527368421052632
LN,DJI_0788,47.510000000000005,38,32,21,5,19,1.500526315789474
LN,DJI_0788,85.02000000000001,38,32,21,6,19,3.474736842105264
LN,DJI_0788,47.510000000000005,40,32,21,5,19,1.500526315789474
LN,DJI_0788,85.02000000000001,40,32,21,6,19,3.474736842105264
LN,DJI_0788,50.900000000000006,30,34,21,5,19,1.678947368421053
LN,DJI_0788,86.80000000000001,30,34,21,6,19,3.5684210526315794
LN,DJI_0788,49.900000000000006,32,34,21,5,19,1.6263157894736846
LN,DJI_0788,85.80000000000001,32,34,21,6,19,3.5157894736842112
LN,DJI_0788,47.900000000000006,34,34,21,5,19,1.5210526315789477
LN,DJI_0788,83.80000000000001,34,34,21,6,19,3.410526315789474
LN,DJI_0788,47.900000000000006,36,34,21,5,19,1.5210526315789477
LN,DJI_0788,83.80000000000001,36,34,21,6,19,3.410526315789474
LN,DJI_0788,46.900000000000006,38,34,21,5,19,1.4684210526315793
LN,DJI_0788,82.80000000000001,38,34,21,6,19,3.357894736842106
LN,DJI_0788,46.900000000000006,40,34,21,5,19,1.4684210526315793
LN,DJI_0788,82.80000000000001,40,34,21,6,19,3.357894736842106
LN,DJI_0788,50.900000000000006,30,36,21,5,19,1.678947368421053
LN,DJI_0788,86.80000000000001,30,36,21,6,19,3.5684210526315794
LN,DJI_0788,49.900000000000006,32,36,21,5,19,1.6263157894736846
LN,DJI_0788,85.80000000000001,32,36,21,6,19,3.5157894736842112
LN,DJI_0788,47.900000000000006,34,36,21,5,19,1.5210526315789477
LN,DJI_0788,83.80000000000001,34,36,21,6,19,3.410526315789474
LN,DJI_0788,47.900000000000006,36,36,21,5,19,1.5210526315789477
LN,DJI_0788,83.80000000000001,36,36,21,6,19,3.410526315789474
LN,DJI_0788,46.900000000000006,38,36,21,5,19,1.4684210526315793
LN,DJI_0788,82.80000000000001,38,36,21,6,19,3.357894736842106
LN,DJI_0788,46.900000000000006,40,36,21,5,19,1.4684210526315793
LN,DJI_0788,82.80000000000001,40,36,21,6,19,3.357894736842106
LN,DJI_0788,50.900000000000006,30,38,21,5,19,1.678947368421053
LN,DJI_0788,86.80000000000001,30,38,21,6,19,3.5684210526315794
LN,DJI_0788,49.900000000000006,32,38,21,5,19,1.6263157894736846
LN,DJI_0788,85.80000000000001,32,38,21,6,19,3.5157894736842112
LN,DJI_0788,47.900000000000006,34,38,21,5,19,1.5210526315789477
LN,DJI_0788,83.80000000000001,34,38,21,6,19,3.410526315789474
LN,DJI_0788,47.900000000000006,36,38,21,5,19,1.5210526315789477
LN,DJI_0788,83.80000000000001,36,38,21,6,19,3.410526315789474
LN,DJI_0788,46.900000000000006,38,38,21,5,19,1.4684210526315793
LN,DJI_0788,82.80000000000001,38,38,21,6,19,3.357894736842106
LN,DJI_0788,46.900000000000006,40,38,21,5,19,1.4684210526315793
LN,DJI_0788,82.80000000000001,40,38,21,6,19,3.357894736842106
LN,DJI_0788,50.900000000000006,30,40,21,5,19,1.678947368421053
LN,DJI_0788,86.80000000000001,30,40,21,6,19,3.5684210526315794
LN,DJI_0788,49.900000000000006,32,40,21,5,19,1.6263157894736846
LN,DJI_0788,85.80000000000001,32,40,21,6,19,3.5157894736842112
LN,DJI_0788,47.900000000000006,34,40,21,5,19,1.5210526315789477
LN,DJI_0788,83.80000000000001,34,40,21,6,19,3.410526315789474
LN,DJI_0788,47.900000000000006,36,40,21,5,19,1.5210526315789477
LN,DJI_0788,83.80000000000001,36,40,21,6,19,3.410526315789474
LN,DJI_0788,46.900000000000006,38,40,21,5,19,1.4684210526315793
LN,DJI_0788,82.80000000000001,38,40,21,6,19,3.357894736842106
LN,DJI_0788,46.900000000000006,40,40,21,5,19,1.4684210526315793
LN,DJI_0788,82.80000000000001,40,40,21,6,19,3.357894736842106
LN,DJI_0789,84.16999999999999,30,30,20,5,41,1.0529268292682923
LN,DJI_0789,150.33999999999997,30,30,20,6,41,2.666829268292682
LN,DJI_0789,83.16999999999999,32,30,20,5,41,1.0285365853658535
LN,DJI_0789,149.33999999999997,32,30,20,6,41,2.642439024390243
LN,DJI_0789,83.16999999999999,34,30,20,5,41,1.0285365853658535
LN,DJI_0789,149.33999999999997,34,30,20,6,41,2.642439024390243
LN,DJI_0789,83.16999999999999,36,30,20,5,41,1.0285365853658535
LN,DJI_0789,149.33999999999997,36,30,20,6,41,2.642439024390243
LN,DJI_0789,83.16999999999999,38,30,20,5,41,1.0285365853658535
LN,DJI_0789,149.33999999999997,38,30,20,6,41,2.642439024390243
LN,DJI_0789,83.16999999999999,40,30,20,5,41,1.0285365853658535
LN,DJI_0789,149.33999999999997,40,30,20,6,41,2.642439024390243
LN,DJI_0789,84.16999999999999,30,32,20,5,41,1.0529268292682923
LN,DJI_0789,150.33999999999997,30,32,20,6,41,2.666829268292682
LN,DJI_0789,83.16999999999999,32,32,20,5,41,1.0285365853658535
LN,DJI_0789,149.33999999999997,32,32,20,6,41,2.642439024390243
LN,DJI_0789,83.16999999999999,34,32,20,5,41,1.0285365853658535
LN,DJI_0789,149.33999999999997,34,32,20,6,41,2.642439024390243
LN,DJI_0789,83.16999999999999,36,32,20,5,41,1.0285365853658535
LN,DJI_0789,149.33999999999997,36,32,20,6,41,2.642439024390243
LN,DJI_0789,83.16999999999999,38,32,20,5,41,1.0285365853658535
LN,DJI_0789,149.33999999999997,38,32,20,6,41,2.642439024390243
LN,DJI_0789,83.16999999999999,40,32,20,5,41,1.0285365853658535
LN,DJI_0789,149.33999999999997,40,32,20,6,41,2.642439024390243
LN,DJI_0789,83.25999999999999,30,34,20,5,41,1.030731707317073
LN,DJI_0789,147.51999999999998,30,34,20,6,41,2.5980487804878045
LN,DJI_0789,82.25999999999999,32,34,20,5,41,1.006341463414634
LN,DJI_0789,146.51999999999998,32,34,20,6,41,2.5736585365853655
LN,DJI_0789,81.25999999999999,34,34,20,5,41,0.9819512195121949
LN,DJI_0789,145.51999999999998,34,34,20,6,41,2.5492682926829264
LN,DJI_0789,81.25999999999999,36,34,20,5,41,0.9819512195121949
LN,DJI_0789,145.51999999999998,36,34,20,6,41,2.5492682926829264
LN,DJI_0789,81.25999999999999,38,34,20,5,41,0.9819512195121949
LN,DJI_0789,145.51999999999998,38,34,20,6,41,2.5492682926829264
LN,DJI_0789,81.25999999999999,40,34,20,5,41,0.9819512195121949
LN,DJI_0789,145.51999999999998,40,34,20,6,41,2.5492682926829264
LN,DJI_0789,81.88999999999999,30,36,20,5,41,0.9973170731707314
LN,DJI_0789,144.77999999999997,30,36,20,6,41,2.531219512195121
LN,DJI_0789,80.88999999999999,32,36,20,5,41,0.9729268292682923
LN,DJI_0789,143.77999999999997,32,36,20,6,41,2.506829268292682
LN,DJI_0789,79.88999999999999,34,36,20,5,41,0.9485365853658533
LN,DJI_0789,142.77999999999997,34,36,20,6,41,2.4824390243902434
LN,DJI_0789,79.88999999999999,36,36,20,5,41,0.9485365853658533
LN,DJI_0789,142.77999999999997,36,36,20,6,41,2.4824390243902434
LN,DJI_0789,79.88999999999999,38,36,20,5,41,0.9485365853658533
LN,DJI_0789,142.77999999999997,38,36,20,6,41,2.4824390243902434
LN,DJI_0789,79.88999999999999,40,36,20,5,41,0.9485365853658533
LN,DJI_0789,142.77999999999997,40,36,20,6,41,2.4824390243902434
LN,DJI_0789,81.16,30,38,20,5,41,0.9795121951219511
LN,DJI_0789,141.32,30,38,20,6,41,2.446829268292683
LN,DJI_0789,80.16,32,38,20,5,41,0.9551219512195122
LN,DJI_0789,140.32,32,38,20,6,41,2.422439024390244
LN,DJI_0789,79.16,34,38,20,5,41,0.9307317073170731
LN,DJI_0789,139.32,34,38,20,6,41,2.398048780487805
LN,DJI_0789,78.16,36,38,20,5,41,0.9063414634146341
LN,DJI_0789,138.32,36,38,20,6,41,2.3736585365853657
LN,DJI_0789,77.16,38,38,20,5,41,0.881951219512195
LN,DJI_0789,137.32,38,38,20,6,41,2.3492682926829267
LN,DJI_0789,77.16,40,38,20,5,41,0.881951219512195
LN,DJI_0789,137.32,40,38,20,6,41,2.3492682926829267
LN,DJI_0789,81.16,30,40,20,5,41,0.9795121951219511
LN,DJI_0789,141.32,30,40,20,6,41,2.446829268292683
LN,DJI_0789,80.16,32,40,20,5,41,0.9551219512195122
LN,DJI_0789,140.32,32,40,20,6,41,2.422439024390244
LN,DJI_0789,79.16,34,40,20,5,41,0.9307317073170731
LN,DJI_0789,139.32,34,40,20,6,41,2.398048780487805
LN,DJI_0789,78.16,36,40,20,5,41,0.9063414634146341
LN,DJI_0789,138.32,36,40,20,6,41,2.3736585365853657
LN,DJI_0789,77.16,38,40,20,5,41,0.881951219512195
LN,DJI_0789,137.32,38,40,20,6,41,2.3492682926829267
LN,DJI_0789,77.16,40,40,20,5,41,0.881951219512195
LN,DJI_0789,137.32,40,40,20,6,41,2.3492682926829267
LN,DJI_0789,84.16999999999999,30,30,21,5,41,1.0529268292682923
LN,DJI_0789,150.33999999999997,30,30,21,6,41,2.666829268292682
LN,DJI_0789,83.16999999999999,32,30,21,5,41,1.0285365853658535
LN,DJI_0789,149.33999999999997,32,30,21,6,41,2.642439024390243
LN,DJI_0789,83.16999999999999,34,30,21,5,41,1.0285365853658535
LN,DJI_0789,149.33999999999997,34,30,21,6,41,2.642439024390243
LN,DJI_0789,83.16999999999999,36,30,21,5,41,1.0285365853658535
LN,DJI_0789,149.33999999999997,36,30,21,6,41,2.642439024390243
LN,DJI_0789,83.16999999999999,38,30,21,5,41,1.0285365853658535
LN,DJI_0789,149.33999999999997,38,30,21,6,41,2.642439024390243
LN,DJI_0789,83.16999999999999,40,30,21,5,41,1.0285365853658535
LN,DJI_0789,149.33999999999997,40,30,21,6,41,2.642439024390243
LN,DJI_0789,84.16999999999999,30,32,21,5,41,1.0529268292682923
LN,DJI_0789,150.33999999999997,30,32,21,6,41,2.666829268292682
LN,DJI_0789,83.16999999999999,32,32,21,5,41,1.0285365853658535
LN,DJI_0789,149.33999999999997,32,32,21,6,41,2.642439024390243
LN,DJI_0789,83.16999999999999,34,32,21,5,41,1.0285365853658535
LN,DJI_0789,149.33999999999997,34,32,21,6,41,2.642439024390243
LN,DJI_0789,83.16999999999999,36,32,21,5,41,1.0285365853658535
LN,DJI_0789,149.33999999999997,36,32,21,6,41,2.642439024390243
LN,DJI_0789,83.16999999999999,38,32,21,5,41,1.0285365853658535
LN,DJI_0789,149.33999999999997,38,32,21,6,41,2.642439024390243
LN,DJI_0789,83.16999999999999,40,32,21,5,41,1.0285365853658535
LN,DJI_0789,149.33999999999997,40,32,21,6,41,2.642439024390243
LN,DJI_0789,83.25999999999999,30,34,21,5,41,1.030731707317073
LN,DJI_0789,147.51999999999998,30,34,21,6,41,2.5980487804878045
LN,DJI_0789,82.25999999999999,32,34,21,5,41,1.006341463414634
LN,DJI_0789,146.51999999999998,32,34,21,6,41,2.5736585365853655
LN,DJI_0789,81.25999999999999,34,34,21,5,41,0.9819512195121949
LN,DJI_0789,145.51999999999998,34,34,21,6,41,2.5492682926829264
LN,DJI_0789,81.25999999999999,36,34,21,5,41,0.9819512195121949
LN,DJI_0789,145.51999999999998,36,34,21,6,41,2.5492682926829264
LN,DJI_0789,81.25999999999999,38,34,21,5,41,0.9819512195121949
LN,DJI_0789,145.51999999999998,38,34,21,6,41,2.5492682926829264
LN,DJI_0789,81.25999999999999,40,34,21,5,41,0.9819512195121949
LN,DJI_0789,145.51999999999998,40,34,21,6,41,2.5492682926829264
LN,DJI_0789,81.88999999999999,30,36,21,5,41,0.9973170731707314
LN,DJI_0789,144.77999999999997,30,36,21,6,41,2.531219512195121
LN,DJI_0789,80.88999999999999,32,36,21,5,41,0.9729268292682923
LN,DJI_0789,143.77999999999997,32,36,21,6,41,2.506829268292682
LN,DJI_0789,79.88999999999999,34,36,21,5,41,0.9485365853658533
LN,DJI_0789,142.77999999999997,34,36,21,6,41,2.4824390243902434
LN,DJI_0789,79.88999999999999,36,36,21,5,41,0.9485365853658533
LN,DJI_0789,142.77999999999997,36,36,21,6,41,2.4824390243902434
LN,DJI_0789,79.88999999999999,38,36,21,5,41,0.9485365853658533
LN,DJI_0789,142.77999999999997,38,36,21,6,41,2.4824390243902434
LN,DJI_0789,79.88999999999999,40,36,21,5,41,0.9485365853658533
LN,DJI_0789,142.77999999999997,40,36,21,6,41,2.4824390243902434
LN,DJI_0789,81.16,30,38,21,5,41,0.9795121951219511
LN,DJI_0789,141.32,30,38,21,6,41,2.446829268292683
LN,DJI_0789,80.16,32,38,21,5,41,0.9551219512195122
LN,DJI_0789,140.32,32,38,21,6,41,2.422439024390244
LN,DJI_0789,79.16,34,38,21,5,41,0.9307317073170731
LN,DJI_0789,139.32,34,38,21,6,41,2.398048780487805
LN,DJI_0789,78.16,36,38,21,5,41,0.9063414634146341
LN,DJI_0789,138.32,36,38,21,6,41,2.3736585365853657
LN,DJI_0789,77.16,38,38,21,5,41,0.881951219512195
LN,DJI_0789,137.32,38,38,21,6,41,2.3492682926829267
LN,DJI_0789,77.16,40,38,21,5,41,0.881951219512195
LN,DJI_0789,137.32,40,38,21,6,41,2.3492682926829267
LN,DJI_0789,81.16,30,40,21,5,41,0.9795121951219511
LN,DJI_0789,141.32,30,40,21,6,41,2.446829268292683
LN,DJI_0789,80.16,32,40,21,5,41,0.9551219512195122
LN,DJI_0789,140.32,32,40,21,6,41,2.422439024390244
LN,DJI_0789,79.16,34,40,21,5,41,0.9307317073170731
LN,DJI_0789,139.32,34,40,21,6,41,2.398048780487805
LN,DJI_0789,78.16,36,40,21,5,41,0.9063414634146341
LN,DJI_0789,138.32,36,40,21,6,41,2.3736585365853657
LN,DJI_0789,77.16,38,40,21,5,41,0.881951219512195
LN,DJI_0789,137.32,38,40,21,6,41,2.3492682926829267
LN,DJI_0789,77.16,40,40,21,5,41,0.881951219512195
LN,DJI_0789,137.32,40,40,21,6,41,2.3492682926829267
DC,DJI_0124,157.24,30,30,20,5,126,0.247936507936508
DC,DJI_0124,289.48,30,30,20,6,126,1.2974603174603176
DC,DJI_0124,156.24,32,30,20,5,126,0.24000000000000007
DC,DJI_0124,288.48,32,30,20,6,126,1.2895238095238097
DC,DJI_0124,156.24,34,30,20,5,126,0.24000000000000007
DC,DJI_0124,288.48,34,30,20,6,126,1.2895238095238097
DC,DJI_0124,156.24,36,30,20,5,126,0.24000000000000007
DC,DJI_0124,288.48,36,30,20,6,126,1.2895238095238097
DC,DJI_0124,156.24,38,30,20,5,126,0.24000000000000007
DC,DJI_0124,288.48,38,30,20,6,126,1.2895238095238097
DC,DJI_0124,155.24,40,30,20,5,126,0.23206349206349214
DC,DJI_0124,287.48,40,30,20,6,126,1.2815873015873018
DC,DJI_0124,154.27,30,32,20,5,126,0.22436507936507943
DC,DJI_0124,282.54,30,32,20,6,126,1.2423809523809526
DC,DJI_0124,153.27,32,32,20,5,126,0.2164285714285715
DC,DJI_0124,281.54,32,32,20,6,126,1.2344444444444447
DC,DJI_0124,153.27,34,32,20,5,126,0.2164285714285715
DC,DJI_0124,281.54,34,32,20,6,126,1.2344444444444447
DC,DJI_0124,153.27,36,32,20,5,126,0.2164285714285715
DC,DJI_0124,281.54,36,32,20,6,126,1.2344444444444447
DC,DJI_0124,153.27,38,32,20,5,126,0.2164285714285715
DC,DJI_0124,281.54,38,32,20,6,126,1.2344444444444447
DC,DJI_0124,152.27,40,32,20,5,126,0.20849206349206356
DC,DJI_0124,280.54,40,32,20,6,126,1.2265079365079368
DC,DJI_0124,154.27,30,34,20,5,126,0.22436507936507943
DC,DJI_0124,282.54,30,34,20,6,126,1.2423809523809526
DC,DJI_0124,153.27,32,34,20,5,126,0.2164285714285715
DC,DJI_0124,281.54,32,34,20,6,126,1.2344444444444447
DC,DJI_0124,153.27,34,34,20,5,126,0.2164285714285715
DC,DJI_0124,281.54,34,34,20,6,126,1.2344444444444447
DC,DJI_0124,153.27,36,34,20,5,126,0.2164285714285715
DC,DJI_0124,281.54,36,34,20,6,126,1.2344444444444447
DC,DJI_0124,153.27,38,34,20,5,126,0.2164285714285715
DC,DJI_0124,281.54,38,34,20,6,126,1.2344444444444447
DC,DJI_0124,152.27,40,34,20,5,126,0.20849206349206356
DC,DJI_0124,280.54,40,34,20,6,126,1.2265079365079368
DC,DJI_0124,154.27,30,36,20,5,126,0.22436507936507943
DC,DJI_0124,282.54,30,36,20,6,126,1.2423809523809526
DC,DJI_0124,153.27,32,36,20,5,126,0.2164285714285715
DC,DJI_0124,281.54,32,36,20,6,126,1.2344444444444447
DC,DJI_0124,153.27,34,36,20,5,126,0.2164285714285715
DC,DJI_0124,281.54,34,36,20,6,126,1.2344444444444447
DC,DJI_0124,153.27,36,36,20,5,126,0.2164285714285715
DC,DJI_0124,281.54,36,36,20,6,126,1.2344444444444447
DC,DJI_0124,153.27,38,36,20,5,126,0.2164285714285715
DC,DJI_0124,281.54,38,36,20,6,126,1.2344444444444447
DC,DJI_0124,152.27,40,36,20,5,126,0.20849206349206356
DC,DJI_0124,280.54,40,36,20,6,126,1.2265079365079368
DC,DJI_0124,152.28000000000003,30,38,20,5,126,0.2085714285714288
DC,DJI_0124,276.56000000000006,30,38,20,6,126,1.1949206349206354
DC,DJI_0124,151.28000000000003,32,38,20,5,126,0.20063492063492086
DC,DJI_0124,275.56000000000006,32,38,20,6,126,1.1869841269841275
DC,DJI_0124,151.28000000000003,34,38,20,5,126,0.20063492063492086
DC,DJI_0124,275.56000000000006,34,38,20,6,126,1.1869841269841275
DC,DJI_0124,151.28000000000003,36,38,20,5,126,0.20063492063492086
DC,DJI_0124,275.56000000000006,36,38,20,6,126,1.1869841269841275
DC,DJI_0124,151.28000000000003,38,38,20,5,126,0.20063492063492086
DC,DJI_0124,275.56000000000006,38,38,20,6,126,1.1869841269841275
DC,DJI_0124,150.28000000000003,40,38,20,5,126,0.19269841269841292
DC,DJI_0124,274.56000000000006,40,38,20,6,126,1.1790476190476196
DC,DJI_0124,152.28000000000003,30,40,20,5,126,0.2085714285714288
DC,DJI_0124,276.56000000000006,30,40,20,6,126,1.1949206349206354
DC,DJI_0124,151.28000000000003,32,40,20,5,126,0.20063492063492086
DC,DJI_0124,275.56000000000006,32,40,20,6,126,1.1869841269841275
DC,DJI_0124,151.28000000000003,34,40,20,5,126,0.20063492063492086
DC,DJI_0124,275.56000000000006,34,40,20,6,126,1.1869841269841275
DC,DJI_0124,151.28000000000003,36,40,20,5,126,0.20063492063492086
DC,DJI_0124,275.56000000000006,36,40,20,6,126,1.1869841269841275
DC,DJI_0124,151.28000000000003,38,40,20,5,126,0.20063492063492086
DC,DJI_0124,275.56000000000006,38,40,20,6,126,1.1869841269841275
DC,DJI_0124,150.28000000000003,40,40,20,5,126,0.19269841269841292
DC,DJI_0124,274.56000000000006,40,40,20,6,126,1.1790476190476196
DC,DJI_0124,158.24,30,30,21,5,126,0.2558730158730159
DC,DJI_0124,290.48,30,30,21,6,126,1.3053968253968256
DC,DJI_0124,157.24,32,30,21,5,126,0.247936507936508
DC,DJI_0124,289.48,32,30,21,6,126,1.2974603174603176
DC,DJI_0124,157.24,34,30,21,5,126,0.247936507936508
DC,DJI_0124,289.48,34,30,21,6,126,1.2974603174603176
DC,DJI_0124,157.24,36,30,21,5,126,0.247936507936508
DC,DJI_0124,289.48,36,30,21,6,126,1.2974603174603176
DC,DJI_0124,157.24,38,30,21,5,126,0.247936507936508
DC,DJI_0124,289.48,38,30,21,6,126,1.2974603174603176
DC,DJI_0124,156.24,40,30,21,5,126,0.24000000000000007
DC,DJI_0124,288.48,40,30,21,6,126,1.2895238095238097
DC,DJI_0124,155.27,30,32,21,5,126,0.23230158730158737
DC,DJI_0124,283.54,30,32,21,6,126,1.2503174603174605
DC,DJI_0124,154.27,32,32,21,5,126,0.22436507936507943
DC,DJI_0124,282.54,32,32,21,6,126,1.2423809523809526
DC,DJI_0124,154.27,34,32,21,5,126,0.22436507936507943
DC,DJI_0124,282.54,34,32,21,6,126,1.2423809523809526
DC,DJI_0124,154.27,36,32,21,5,126,0.22436507936507943
DC,DJI_0124,282.54,36,32,21,6,126,1.2423809523809526
DC,DJI_0124,154.27,38,32,21,5,126,0.22436507936507943
DC,DJI_0124,282.54,38,32,21,6,126,1.2423809523809526
DC,DJI_0124,153.27,40,32,21,5,126,0.2164285714285715
DC,DJI_0124,281.54,40,32,21,6,126,1.2344444444444447
DC,DJI_0124,155.27,30,34,21,5,126,0.23230158730158737
DC,DJI_0124,283.54,30,34,21,6,126,1.2503174603174605
DC,DJI_0124,154.27,32,34,21,5,126,0.22436507936507943
DC,DJI_0124,282.54,32,34,21,6,126,1.2423809523809526
DC,DJI_0124,154.27,34,34,21,5,126,0.22436507936507943
DC,DJI_0124,282.54,34,34,21,6,126,1.2423809523809526
DC,DJI_0124,154.27,36,34,21,5,126,0.22436507936507943
DC,DJI_0124,282.54,36,34,21,6,126,1.2423809523809526
DC,DJI_0124,154.27,38,34,21,5,126,0.22436507936507943
DC,DJI_0124,282.54,38,34,21,6,126,1.2423809523809526
DC,DJI_0124,153.27,40,34,21,5,126,0.2164285714285715
DC,DJI_0124,281.54,40,34,21,6,126,1.2344444444444447
DC,DJI_0124,155.27,30,36,21,5,126,0.23230158730158737
DC,DJI_0124,283.54,30,36,21,6,126,1.2503174603174605
DC,DJI_0124,154.27,32,36,21,5,126,0.22436507936507943
DC,DJI_0124,282.54,32,36,21,6,126,1.2423809523809526
DC,DJI_0124,154.27,34,36,21,5,126,0.22436507936507943
DC,DJI_0124,282.54,34,36,21,6,126,1.2423809523809526
DC,DJI_0124,154.27,36,36,21,5,126,0.22436507936507943
DC,DJI_0124,282.54,36,36,21,6,126,1.2423809523809526
DC,DJI_0124,154.27,38,36,21,5,126,0.22436507936507943
DC,DJI_0124,282.54,38,36,21,6,126,1.2423809523809526
DC,DJI_0124,153.27,40,36,21,5,126,0.2164285714285715
DC,DJI_0124,281.54,40,36,21,6,126,1.2344444444444447
DC,DJI_0124,153.28000000000003,30,38,21,5,126,0.21650793650793673
DC,DJI_0124,277.56000000000006,30,38,21,6,126,1.2028571428571433
DC,DJI_0124,152.28000000000003,32,38,21,5,126,0.2085714285714288
DC,DJI_0124,276.56000000000006,32,38,21,6,126,1.1949206349206354
DC,DJI_0124,152.28000000000003,34,38,21,5,126,0.2085714285714288
DC,DJI_0124,276.56000000000006,34,38,21,6,126,1.1949206349206354
DC,DJI_0124,152.28000000000003,36,38,21,5,126,0.2085714285714288
DC,DJI_0124,276.56000000000006,36,38,21,6,126,1.1949206349206354
DC,DJI_0124,152.28000000000003,38,38,21,5,126,0.2085714285714288
DC,DJI_0124,276.56000000000006,38,38,21,6,126,1.1949206349206354
DC,DJI_0124,151.28000000000003,40,38,21,5,126,0.20063492063492086
DC,DJI_0124,275.56000000000006,40,38,21,6,126,1.1869841269841275
DC,DJI_0124,153.28000000000003,30,40,21,5,126,0.21650793650793673
DC,DJI_0124,277.56000000000006,30,40,21,6,126,1.2028571428571433
DC,DJI_0124,152.28000000000003,32,40,21,5,126,0.2085714285714288
DC,DJI_0124,276.56000000000006,32,40,21,6,126,1.1949206349206354
DC,DJI_0124,152.28000000000003,34,40,21,5,126,0.2085714285714288
DC,DJI_0124,276.56000000000006,34,40,21,6,126,1.1949206349206354
DC,DJI_0124,152.28000000000003,36,40,21,5,126,0.2085714285714288
DC,DJI_0124,276.56000000000006,36,40,21,6,126,1.1949206349206354
DC,DJI_0124,152.28000000000003,38,40,21,5,126,0.2085714285714288
DC,DJI_0124,276.56000000000006,38,40,21,6,126,1.1949206349206354
DC,DJI_0124,151.28000000000003,40,40,21,5,126,0.20063492063492086
DC,DJI_0124,275.56000000000006,40,40,21,6,126,1.1869841269841275
DC,DJI_0129,59.0,30,30,20,5,52,0.1346153846153846
DC,DJI_0129,107.0,30,30,20,6,52,1.0576923076923077
DC,DJI_0129,59.0,32,30,20,5,52,0.1346153846153846
DC,DJI_0129,107.0,32,30,20,6,52,1.0576923076923077
DC,DJI_0129,59.0,34,30,20,5,52,0.1346153846153846
DC,DJI_0129,107.0,34,30,20,6,52,1.0576923076923077
DC,DJI_0129,59.0,36,30,20,5,52,0.1346153846153846
DC,DJI_0129,107.0,36,30,20,6,52,1.0576923076923077
DC,DJI_0129,58.0,38,30,20,5,52,0.11538461538461539
DC,DJI_0129,106.0,38,30,20,6,52,1.0384615384615385
DC,DJI_0129,57.0,40,30,20,5,52,0.09615384615384616
DC,DJI_0129,105.0,40,30,20,6,52,1.0192307692307692
DC,DJI_0129,59.0,30,32,20,5,52,0.1346153846153846
DC,DJI_0129,107.0,30,32,20,6,52,1.0576923076923077
DC,DJI_0129,59.0,32,32,20,5,52,0.1346153846153846
DC,DJI_0129,107.0,32,32,20,6,52,1.0576923076923077
DC,DJI_0129,59.0,34,32,20,5,52,0.1346153846153846
DC,DJI_0129,107.0,34,32,20,6,52,1.0576923076923077
DC,DJI_0129,59.0,36,32,20,5,52,0.1346153846153846
DC,DJI_0129,107.0,36,32,20,6,52,1.0576923076923077
DC,DJI_0129,58.0,38,32,20,5,52,0.11538461538461539
DC,DJI_0129,106.0,38,32,20,6,52,1.0384615384615385
DC,DJI_0129,57.0,40,32,20,5,52,0.09615384615384616
DC,DJI_0129,105.0,40,32,20,6,52,1.0192307692307692
DC,DJI_0129,54.61,30,34,20,5,52,0.05019230769230768
DC,DJI_0129,96.22,30,34,20,6,52,0.8503846153846154
DC,DJI_0129,54.61,32,34,20,5,52,0.05019230769230768
DC,DJI_0129,96.22,32,34,20,6,52,0.8503846153846154
DC,DJI_0129,54.61,34,34,20,5,52,0.05019230769230768
DC,DJI_0129,96.22,34,34,20,6,52,0.8503846153846154
DC,DJI_0129,54.61,36,34,20,5,52,0.05019230769230768
DC,DJI_0129,96.22,36,34,20,6,52,0.8503846153846154
DC,DJI_0129,53.61,38,34,20,5,52,0.03096153846153845
DC,DJI_0129,95.22,38,34,20,6,52,0.8311538461538461
DC,DJI_0129,52.61,40,34,20,5,52,0.01173076923076922
DC,DJI_0129,94.22,40,34,20,6,52,0.8119230769230769
DC,DJI_0129,54.61,30,36,20,5,52,0.05019230769230768
DC,DJI_0129,96.22,30,36,20,6,52,0.8503846153846154
DC,DJI_0129,54.61,32,36,20,5,52,0.05019230769230768
DC,DJI_0129,96.22,32,36,20,6,52,0.8503846153846154
DC,DJI_0129,54.61,34,36,20,5,52,0.05019230769230768
DC,DJI_0129,96.22,34,36,20,6,52,0.8503846153846154
DC,DJI_0129,54.61,36,36,20,5,52,0.05019230769230768
DC,DJI_0129,96.22,36,36,20,6,52,0.8503846153846154
DC,DJI_0129,53.61,38,36,20,5,52,0.03096153846153845
DC,DJI_0129,95.22,38,36,20,6,52,0.8311538461538461
DC,DJI_0129,52.61,40,36,20,5,52,0.01173076923076922
DC,DJI_0129,94.22,40,36,20,6,52,0.8119230769230769
DC,DJI_0129,54.61,30,38,20,5,52,0.05019230769230768
DC,DJI_0129,96.22,30,38,20,6,52,0.8503846153846154
DC,DJI_0129,54.61,32,38,20,5,52,0.05019230769230768
DC,DJI_0129,96.22,32,38,20,6,52,0.8503846153846154
DC,DJI_0129,54.61,34,38,20,5,52,0.05019230769230768
DC,DJI_0129,96.22,34,38,20,6,52,0.8503846153846154
DC,DJI_0129,54.61,36,38,20,5,52,0.05019230769230768
DC,DJI_0129,96.22,36,38,20,6,52,0.8503846153846154
DC,DJI_0129,53.61,38,38,20,5,52,0.03096153846153845
DC,DJI_0129,95.22,38,38,20,6,52,0.8311538461538461
DC,DJI_0129,52.61,40,38,20,5,52,0.01173076923076922
DC,DJI_0129,94.22,40,38,20,6,52,0.8119230769230769
DC,DJI_0129,53.29,30,40,20,5,52,0.02480769230769229
DC,DJI_0129,91.58,30,40,20,6,52,0.7611538461538461
DC,DJI_0129,53.29,32,40,20,5,52,0.02480769230769229
DC,DJI_0129,91.58,32,40,20,6,52,0.7611538461538461
DC,DJI_0129,53.29,34,40,20,5,52,0.02480769230769229
DC,DJI_0129,91.58,34,40,20,6,52,0.7611538461538461
DC,DJI_0129,53.29,36,40,20,5,52,0.02480769230769229
DC,DJI_0129,91.58,36,40,20,6,52,0.7611538461538461
DC,DJI_0129,52.29,38,40,20,5,52,0.005576923076923061
DC,DJI_0129,90.58,38,40,20,6,52,0.7419230769230769
DC,DJI_0129,51.29,40,40,20,5,52,0.013653846153846171
DC,DJI_0129,89.58,40,40,20,6,52,0.7226923076923076
DC,DJI_0129,59.0,30,30,21,5,52,0.1346153846153846
DC,DJI_0129,107.0,30,30,21,6,52,1.0576923076923077
DC,DJI_0129,59.0,32,30,21,5,52,0.1346153846153846
DC,DJI_0129,107.0,32,30,21,6,52,1.0576923076923077
DC,DJI_0129,59.0,34,30,21,5,52,0.1346153846153846
DC,DJI_0129,107.0,34,30,21,6,52,1.0576923076923077
DC,DJI_0129,59.0,36,30,21,5,52,0.1346153846153846
DC,DJI_0129,107.0,36,30,21,6,52,1.0576923076923077
DC,DJI_0129,58.0,38,30,21,5,52,0.11538461538461539
DC,DJI_0129,106.0,38,30,21,6,52,1.0384615384615385
DC,DJI_0129,57.0,40,30,21,5,52,0.09615384615384616
DC,DJI_0129,105.0,40,30,21,6,52,1.0192307692307692
DC,DJI_0129,59.0,30,32,21,5,52,0.1346153846153846
DC,DJI_0129,107.0,30,32,21,6,52,1.0576923076923077
DC,DJI_0129,59.0,32,32,21,5,52,0.1346153846153846
DC,DJI_0129,107.0,32,32,21,6,52,1.0576923076923077
DC,DJI_0129,59.0,34,32,21,5,52,0.1346153846153846
DC,DJI_0129,107.0,34,32,21,6,52,1.0576923076923077
DC,DJI_0129,59.0,36,32,21,5,52,0.1346153846153846
DC,DJI_0129,107.0,36,32,21,6,52,1.0576923076923077
DC,DJI_0129,58.0,38,32,21,5,52,0.11538461538461539
DC,DJI_0129,106.0,38,32,21,6,52,1.0384615384615385
DC,DJI_0129,57.0,40,32,21,5,52,0.09615384615384616
DC,DJI_0129,105.0,40,32,21,6,52,1.0192307692307692
DC,DJI_0129,54.61,30,34,21,5,52,0.05019230769230768
DC,DJI_0129,96.22,30,34,21,6,52,0.8503846153846154
DC,DJI_0129,54.61,32,34,21,5,52,0.05019230769230768
DC,DJI_0129,96.22,32,34,21,6,52,0.8503846153846154
DC,DJI_0129,54.61,34,34,21,5,52,0.05019230769230768
DC,DJI_0129,96.22,34,34,21,6,52,0.8503846153846154
DC,DJI_0129,54.61,36,34,21,5,52,0.05019230769230768
DC,DJI_0129,96.22,36,34,21,6,52,0.8503846153846154
DC,DJI_0129,53.61,38,34,21,5,52,0.03096153846153845
DC,DJI_0129,95.22,38,34,21,6,52,0.8311538461538461
DC,DJI_0129,52.61,40,34,21,5,52,0.01173076923076922
DC,DJI_0129,94.22,40,34,21,6,52,0.8119230769230769
DC,DJI_0129,54.61,30,36,21,5,52,0.05019230769230768
DC,DJI_0129,96.22,30,36,21,6,52,0.8503846153846154
DC,DJI_0129,54.61,32,36,21,5,52,0.05019230769230768
DC,DJI_0129,96.22,32,36,21,6,52,0.8503846153846154
DC,DJI_0129,54.61,34,36,21,5,52,0.05019230769230768
DC,DJI_0129,96.22,34,36,21,6,52,0.8503846153846154
DC,DJI_0129,54.61,36,36,21,5,52,0.05019230769230768
DC,DJI_0129,96.22,36,36,21,6,52,0.8503846153846154
DC,DJI_0129,53.61,38,36,21,5,52,0.03096153846153845
DC,DJI_0129,95.22,38,36,21,6,52,0.8311538461538461
DC,DJI_0129,52.61,40,36,21,5,52,0.01173076923076922
DC,DJI_0129,94.22,40,36,21,6,52,0.8119230769230769
DC,DJI_0129,54.61,30,38,21,5,52,0.05019230769230768
DC,DJI_0129,96.22,30,38,21,6,52,0.8503846153846154
DC,DJI_0129,54.61,32,38,21,5,52,0.05019230769230768
DC,DJI_0129,96.22,32,38,21,6,52,0.8503846153846154
DC,DJI_0129,54.61,34,38,21,5,52,0.05019230769230768
DC,DJI_0129,96.22,34,38,21,6,52,0.8503846153846154
DC,DJI_0129,54.61,36,38,21,5,52,0.05019230769230768
DC,DJI_0129,96.22,36,38,21,6,52,0.8503846153846154
DC,DJI_0129,53.61,38,38,21,5,52,0.03096153846153845
DC,DJI_0129,95.22,38,38,21,6,52,0.8311538461538461
DC,DJI_0129,52.61,40,38,21,5,52,0.01173076923076922
DC,DJI_0129,94.22,40,38,21,6,52,0.8119230769230769
DC,DJI_0129,53.29,30,40,21,5,52,0.02480769230769229
DC,DJI_0129,91.58,30,40,21,6,52,0.7611538461538461
DC,DJI_0129,53.29,32,40,21,5,52,0.02480769230769229
DC,DJI_0129,91.58,32,40,21,6,52,0.7611538461538461
DC,DJI_0129,53.29,34,40,21,5,52,0.02480769230769229
DC,DJI_0129,91.58,34,40,21,6,52,0.7611538461538461
DC,DJI_0129,53.29,36,40,21,5,52,0.02480769230769229
DC,DJI_0129,91.58,36,40,21,6,52,0.7611538461538461
DC,DJI_0129,52.29,38,40,21,5,52,0.005576923076923061
DC,DJI_0129,90.58,38,40,21,6,52,0.7419230769230769
DC,DJI_0129,51.29,40,40,21,5,52,0.013653846153846171
DC,DJI_0129,89.58,40,40,21,6,52,0.7226923076923076
DC,DJI_0177,126.35000000000001,30,30,20,5,100,0.26350000000000007
DC,DJI_0177,241.70000000000002,30,30,20,6,100,1.4170000000000003
DC,DJI_0177,126.35000000000001,32,30,20,5,100,0.26350000000000007
DC,DJI_0177,241.70000000000002,32,30,20,6,100,1.4170000000000003
DC,DJI_0177,126.35000000000001,34,30,20,5,100,0.26350000000000007
DC,DJI_0177,241.70000000000002,34,30,20,6,100,1.4170000000000003
DC,DJI_0177,126.35000000000001,36,30,20,5,100,0.26350000000000007
DC,DJI_0177,241.70000000000002,36,30,20,6,100,1.4170000000000003
DC,DJI_0177,125.35000000000001,38,30,20,5,100,0.25350000000000006
DC,DJI_0177,240.70000000000002,38,30,20,6,100,1.4070000000000003
DC,DJI_0177,124.35000000000001,40,30,20,5,100,0.24350000000000008
DC,DJI_0177,239.70000000000002,40,30,20,6,100,1.3970000000000002
DC,DJI_0177,126.35000000000001,30,32,20,5,100,0.26350000000000007
DC,DJI_0177,241.70000000000002,30,32,20,6,100,1.4170000000000003
DC,DJI_0177,126.35000000000001,32,32,20,5,100,0.26350000000000007
DC,DJI_0177,241.70000000000002,32,32,20,6,100,1.4170000000000003
DC,DJI_0177,126.35000000000001,34,32,20,5,100,0.26350000000000007
DC,DJI_0177,241.70000000000002,34,32,20,6,100,1.4170000000000003
DC,DJI_0177,126.35000000000001,36,32,20,5,100,0.26350000000000007
DC,DJI_0177,241.70000000000002,36,32,20,6,100,1.4170000000000003
DC,DJI_0177,125.35000000000001,38,32,20,5,100,0.25350000000000006
DC,DJI_0177,240.70000000000002,38,32,20,6,100,1.4070000000000003
DC,DJI_0177,124.35000000000001,40,32,20,5,100,0.24350000000000008
DC,DJI_0177,239.70000000000002,40,32,20,6,100,1.3970000000000002
DC,DJI_0177,126.35000000000001,30,34,20,5,100,0.26350000000000007
DC,DJI_0177,241.70000000000002,30,34,20,6,100,1.4170000000000003
DC,DJI_0177,126.35000000000001,32,34,20,5,100,0.26350000000000007
DC,DJI_0177,241.70000000000002,32,34,20,6,100,1.4170000000000003
DC,DJI_0177,126.35000000000001,34,34,20,5,100,0.26350000000000007
DC,DJI_0177,241.70000000000002,34,34,20,6,100,1.4170000000000003
DC,DJI_0177,126.35000000000001,36,34,20,5,100,0.26350000000000007
DC,DJI_0177,241.70000000000002,36,34,20,6,100,1.4170000000000003
DC,DJI_0177,125.35000000000001,38,34,20,5,100,0.25350000000000006
DC,DJI_0177,240.70000000000002,38,34,20,6,100,1.4070000000000003
DC,DJI_0177,124.35000000000001,40,34,20,5,100,0.24350000000000008
DC,DJI_0177,239.70000000000002,40,34,20,6,100,1.3970000000000002
DC,DJI_0177,121.11000000000001,30,36,20,5,100,0.21110000000000015
DC,DJI_0177,231.22000000000003,30,36,20,6,100,1.3122000000000003
DC,DJI_0177,121.11000000000001,32,36,20,5,100,0.21110000000000015
DC,DJI_0177,231.22000000000003,32,36,20,6,100,1.3122000000000003
DC,DJI_0177,121.11000000000001,34,36,20,5,100,0.21110000000000015
DC,DJI_0177,231.22000000000003,34,36,20,6,100,1.3122000000000003
DC,DJI_0177,121.11000000000001,36,36,20,5,100,0.21110000000000015
DC,DJI_0177,231.22000000000003,36,36,20,6,100,1.3122000000000003
DC,DJI_0177,120.11000000000001,38,36,20,5,100,0.20110000000000014
DC,DJI_0177,230.22000000000003,38,36,20,6,100,1.3022000000000002
DC,DJI_0177,119.11000000000001,40,36,20,5,100,0.19110000000000013
DC,DJI_0177,229.22000000000003,40,36,20,6,100,1.2922000000000002
DC,DJI_0177,116.77000000000001,30,38,20,5,100,0.1677000000000001
DC,DJI_0177,222.54000000000002,30,38,20,6,100,1.2254000000000003
DC,DJI_0177,116.77000000000001,32,38,20,5,100,0.1677000000000001
DC,DJI_0177,222.54000000000002,32,38,20,6,100,1.2254000000000003
DC,DJI_0177,116.77000000000001,34,38,20,5,100,0.1677000000000001
DC,DJI_0177,222.54000000000002,34,38,20,6,100,1.2254000000000003
DC,DJI_0177,116.77000000000001,36,38,20,5,100,0.1677000000000001
DC,DJI_0177,222.54000000000002,36,38,20,6,100,1.2254000000000003
DC,DJI_0177,115.77000000000001,38,38,20,5,100,0.1577000000000001
DC,DJI_0177,221.54000000000002,38,38,20,6,100,1.2154000000000003
DC,DJI_0177,114.77000000000001,40,38,20,5,100,0.1477000000000001
DC,DJI_0177,220.54000000000002,40,38,20,6,100,1.2054000000000002
DC,DJI_0177,113.12,30,40,20,5,100,0.13120000000000004
DC,DJI_0177,214.24,30,40,20,6,100,1.1424
DC,DJI_0177,113.12,32,40,20,5,100,0.13120000000000004
DC,DJI_0177,214.24,32,40,20,6,100,1.1424
DC,DJI_0177,113.12,34,40,20,5,100,0.13120000000000004
DC,DJI_0177,214.24,34,40,20,6,100,1.1424
DC,DJI_0177,113.12,36,40,20,5,100,0.13120000000000004
DC,DJI_0177,214.24,36,40,20,6,100,1.1424
DC,DJI_0177,112.12,38,40,20,5,100,0.12120000000000004
DC,DJI_0177,213.24,38,40,20,6,100,1.1324
DC,DJI_0177,110.12,40,40,20,5,100,0.10120000000000004
DC,DJI_0177,211.24,40,40,20,6,100,1.1124
DC,DJI_0177,126.35000000000001,30,30,21,5,100,0.26350000000000007
DC,DJI_0177,241.70000000000002,30,30,21,6,100,1.4170000000000003
DC,DJI_0177,126.35000000000001,32,30,21,5,100,0.26350000000000007
DC,DJI_0177,241.70000000000002,32,30,21,6,100,1.4170000000000003
DC,DJI_0177,126.35000000000001,34,30,21,5,100,0.26350000000000007
DC,DJI_0177,241.70000000000002,34,30,21,6,100,1.4170000000000003
DC,DJI_0177,126.35000000000001,36,30,21,5,100,0.26350000000000007
DC,DJI_0177,241.70000000000002,36,30,21,6,100,1.4170000000000003
DC,DJI_0177,125.35000000000001,38,30,21,5,100,0.25350000000000006
DC,DJI_0177,240.70000000000002,38,30,21,6,100,1.4070000000000003
DC,DJI_0177,124.35000000000001,40,30,21,5,100,0.24350000000000008
DC,DJI_0177,239.70000000000002,40,30,21,6,100,1.3970000000000002
DC,DJI_0177,126.35000000000001,30,32,21,5,100,0.26350000000000007
DC,DJI_0177,241.70000000000002,30,32,21,6,100,1.4170000000000003
DC,DJI_0177,126.35000000000001,32,32,21,5,100,0.26350000000000007
DC,DJI_0177,241.70000000000002,32,32,21,6,100,1.4170000000000003
DC,DJI_0177,126.35000000000001,34,32,21,5,100,0.26350000000000007
DC,DJI_0177,241.70000000000002,34,32,21,6,100,1.4170000000000003
DC,DJI_0177,126.35000000000001,36,32,21,5,100,0.26350000000000007
DC,DJI_0177,241.70000000000002,36,32,21,6,100,1.4170000000000003
DC,DJI_0177,125.35000000000001,38,32,21,5,100,0.25350000000000006
DC,DJI_0177,240.70000000000002,38,32,21,6,100,1.4070000000000003
DC,DJI_0177,124.35000000000001,40,32,21,5,100,0.24350000000000008
DC,DJI_0177,239.70000000000002,40,32,21,6,100,1.3970000000000002
DC,DJI_0177,126.35000000000001,30,34,21,5,100,0.26350000000000007
DC,DJI_0177,241.70000000000002,30,34,21,6,100,1.4170000000000003
DC,DJI_0177,126.35000000000001,32,34,21,5,100,0.26350000000000007
DC,DJI_0177,241.70000000000002,32,34,21,6,100,1.4170000000000003
DC,DJI_0177,126.35000000000001,34,34,21,5,100,0.26350000000000007
DC,DJI_0177,241.70000000000002,34,34,21,6,100,1.4170000000000003
DC,DJI_0177,126.35000000000001,36,34,21,5,100,0.26350000000000007
DC,DJI_0177,241.70000000000002,36,34,21,6,100,1.4170000000000003
DC,DJI_0177,125.35000000000001,38,34,21,5,100,0.25350000000000006
DC,DJI_0177,240.70000000000002,38,34,21,6,100,1.4070000000000003
DC,DJI_0177,124.35000000000001,40,34,21,5,100,0.24350000000000008
DC,DJI_0177,239.70000000000002,40,34,21,6,100,1.3970000000000002
DC,DJI_0177,121.11000000000001,30,36,21,5,100,0.21110000000000015
DC,DJI_0177,231.22000000000003,30,36,21,6,100,1.3122000000000003
DC,DJI_0177,121.11000000000001,32,36,21,5,100,0.21110000000000015
DC,DJI_0177,231.22000000000003,32,36,21,6,100,1.3122000000000003
DC,DJI_0177,121.11000000000001,34,36,21,5,100,0.21110000000000015
DC,DJI_0177,231.22000000000003,34,36,21,6,100,1.3122000000000003
DC,DJI_0177,121.11000000000001,36,36,21,5,100,0.21110000000000015
DC,DJI_0177,231.22000000000003,36,36,21,6,100,1.3122000000000003
DC,DJI_0177,120.11000000000001,38,36,21,5,100,0.20110000000000014
DC,DJI_0177,230.22000000000003,38,36,21,6,100,1.3022000000000002
DC,DJI_0177,119.11000000000001,40,36,21,5,100,0.19110000000000013
DC,DJI_0177,229.22000000000003,40,36,21,6,100,1.2922000000000002
DC,DJI_0177,116.77000000000001,30,38,21,5,100,0.1677000000000001
DC,DJI_0177,222.54000000000002,30,38,21,6,100,1.2254000000000003
DC,DJI_0177,116.77000000000001,32,38,21,5,100,0.1677000000000001
DC,DJI_0177,222.54000000000002,32,38,21,6,100,1.2254000000000003
DC,DJI_0177,116.77000000000001,34,38,21,5,100,0.1677000000000001
DC,DJI_0177,222.54000000000002,34,38,21,6,100,1.2254000000000003
DC,DJI_0177,116.77000000000001,36,38,21,5,100,0.1677000000000001
DC,DJI_0177,222.54000000000002,36,38,21,6,100,1.2254000000000003
DC,DJI_0177,115.77000000000001,38,38,21,5,100,0.1577000000000001
DC,DJI_0177,221.54000000000002,38,38,21,6,100,1.2154000000000003
DC,DJI_0177,114.77000000000001,40,38,21,5,100,0.1477000000000001
DC,DJI_0177,220.54000000000002,40,38,21,6,100,1.2054000000000002
DC,DJI_0177,113.12,30,40,21,5,100,0.13120000000000004
DC,DJI_0177,214.24,30,40,21,6,100,1.1424
DC,DJI_0177,113.12,32,40,21,5,100,0.13120000000000004
DC,DJI_0177,214.24,32,40,21,6,100,1.1424
DC,DJI_0177,113.12,34,40,21,5,100,0.13120000000000004
DC,DJI_0177,214.24,34,40,21,6,100,1.1424
DC,DJI_0177,113.12,36,40,21,5,100,0.13120000000000004
DC,DJI_0177,214.24,36,40,21,6,100,1.1424
DC,DJI_0177,112.12,38,40,21,5,100,0.12120000000000004
DC,DJI_0177,213.24,38,40,21,6,100,1.1324
DC,DJI_0177,110.12,40,40,21,5,100,0.10120000000000004
DC,DJI_0177,211.24,40,40,21,6,100,1.1124
DC,DJI_0209,57.08,30,30,20,5,46,0.24086956521739128
DC,DJI_0209,104.16,30,30,20,6,46,1.2643478260869565
DC,DJI_0209,57.08,32,30,20,5,46,0.24086956521739128
DC,DJI_0209,104.16,32,30,20,6,46,1.2643478260869565
DC,DJI_0209,57.08,34,30,20,5,46,0.24086956521739128
DC,DJI_0209,104.16,34,30,20,6,46,1.2643478260869565
DC,DJI_0209,56.08,36,30,20,5,46,0.21913043478260866
DC,DJI_0209,103.16,36,30,20,6,46,1.2426086956521738
DC,DJI_0209,56.08,38,30,20,5,46,0.21913043478260866
DC,DJI_0209,103.16,38,30,20,6,46,1.2426086956521738
DC,DJI_0209,54.08,40,30,20,5,46,0.17565217391304344
DC,DJI_0209,101.16,40,30,20,6,46,1.1991304347826086
DC,DJI_0209,53.98,30,32,20,5,46,0.17347826086956514
DC,DJI_0209,97.96,30,32,20,6,46,1.1295652173913042
DC,DJI_0209,53.98,32,32,20,5,46,0.17347826086956514
DC,DJI_0209,97.96,32,32,20,6,46,1.1295652173913042
DC,DJI_0209,53.98,34,32,20,5,46,0.17347826086956514
DC,DJI_0209,97.96,34,32,20,6,46,1.1295652173913042
DC,DJI_0209,52.98,36,32,20,5,46,0.15173913043478254
DC,DJI_0209,96.96,36,32,20,6,46,1.1078260869565215
DC,DJI_0209,52.98,38,32,20,5,46,0.15173913043478254
DC,DJI_0209,96.96,38,32,20,6,46,1.1078260869565215
DC,DJI_0209,50.98,40,32,20,5,46,0.10826086956521733
DC,DJI_0209,94.96,40,32,20,6,46,1.0643478260869563
DC,DJI_0209,48.209999999999994,30,34,20,5,46,0.04804347826086943
DC,DJI_0209,85.41999999999999,30,34,20,6,46,0.8569565217391302
DC,DJI_0209,48.209999999999994,32,34,20,5,46,0.04804347826086943
DC,DJI_0209,85.41999999999999,32,34,20,6,46,0.8569565217391302
DC,DJI_0209,48.209999999999994,34,34,20,5,46,0.04804347826086943
DC,DJI_0209,85.41999999999999,34,34,20,6,46,0.8569565217391302
DC,DJI_0209,47.209999999999994,36,34,20,5,46,0.02630434782608682
DC,DJI_0209,84.41999999999999,36,34,20,6,46,0.8352173913043476
DC,DJI_0209,47.209999999999994,38,34,20,5,46,0.02630434782608682
DC,DJI_0209,84.41999999999999,38,34,20,6,46,0.8352173913043476
DC,DJI_0209,45.209999999999994,40,34,20,5,46,0.017173913043478397
DC,DJI_0209,82.41999999999999,40,34,20,6,46,0.7917391304347824
DC,DJI_0209,42.099999999999994,30,36,20,5,46,0.0847826086956523
DC,DJI_0209,70.19999999999999,30,36,20,6,46,0.5260869565217389
DC,DJI_0209,42.099999999999994,32,36,20,5,46,0.0847826086956523
DC,DJI_0209,70.19999999999999,32,36,20,6,46,0.5260869565217389
DC,DJI_0209,42.099999999999994,34,36,20,5,46,0.0847826086956523
DC,DJI_0209,70.19999999999999,34,36,20,6,46,0.5260869565217389
DC,DJI_0209,41.099999999999994,36,36,20,5,46,0.1065217391304349
DC,DJI_0209,69.19999999999999,36,36,20,6,46,0.5043478260869563
DC,DJI_0209,40.099999999999994,38,36,20,5,46,0.1282608695652175
DC,DJI_0209,68.19999999999999,38,36,20,6,46,0.4826086956521737
DC,DJI_0209,38.099999999999994,40,36,20,5,46,0.17173913043478273
DC,DJI_0209,66.19999999999999,40,36,20,6,46,0.43913043478260844
DC,DJI_0209,31.669999999999998,30,38,20,5,46,0.31152173913043485
DC,DJI_0209,31.669999999999998,30,38,20,6,46,0.31152173913043485
DC,DJI_0209,31.669999999999998,32,38,20,5,46,0.31152173913043485
DC,DJI_0209,31.669999999999998,32,38,20,6,46,0.31152173913043485
DC,DJI_0209,31.669999999999998,34,38,20,5,46,0.31152173913043485
DC,DJI_0209,31.669999999999998,34,38,20,6,46,0.31152173913043485
DC,DJI_0209,30.669999999999998,36,38,20,5,46,0.33326086956521744
DC,DJI_0209,30.669999999999998,36,38,20,6,46,0.33326086956521744
DC,DJI_0209,29.669999999999998,38,38,20,5,46,0.35500000000000004
DC,DJI_0209,29.669999999999998,38,38,20,6,46,0.35500000000000004
DC,DJI_0209,27.669999999999998,40,38,20,5,46,0.3984782608695653
DC,DJI_0209,27.669999999999998,40,38,20,6,46,0.3984782608695653
DC,DJI_0209,14.0,30,40,20,5,46,0.6956521739130435
DC,DJI_0209,14.0,30,40,20,6,46,0.6956521739130435
DC,DJI_0209,14.0,32,40,20,5,46,0.6956521739130435
DC,DJI_0209,14.0,32,40,20,6,46,0.6956521739130435
DC,DJI_0209,14.0,34,40,20,5,46,0.6956521739130435
DC,DJI_0209,14.0,34,40,20,6,46,0.6956521739130435
DC,DJI_0209,13.0,36,40,20,5,46,0.717391304347826
DC,DJI_0209,13.0,36,40,20,6,46,0.717391304347826
DC,DJI_0209,12.0,38,40,20,5,46,0.7391304347826086
DC,DJI_0209,12.0,38,40,20,6,46,0.7391304347826086
DC,DJI_0209,10.0,40,40,20,5,46,0.782608695652174
DC,DJI_0209,10.0,40,40,20,6,46,0.782608695652174
DC,DJI_0209,57.08,30,30,21,5,46,0.24086956521739128
DC,DJI_0209,104.16,30,30,21,6,46,1.2643478260869565
DC,DJI_0209,57.08,32,30,21,5,46,0.24086956521739128
DC,DJI_0209,104.16,32,30,21,6,46,1.2643478260869565
DC,DJI_0209,57.08,34,30,21,5,46,0.24086956521739128
DC,DJI_0209,104.16,34,30,21,6,46,1.2643478260869565
DC,DJI_0209,56.08,36,30,21,5,46,0.21913043478260866
DC,DJI_0209,103.16,36,30,21,6,46,1.2426086956521738
DC,DJI_0209,56.08,38,30,21,5,46,0.21913043478260866
DC,DJI_0209,103.16,38,30,21,6,46,1.2426086956521738
DC,DJI_0209,54.08,40,30,21,5,46,0.17565217391304344
DC,DJI_0209,101.16,40,30,21,6,46,1.1991304347826086
DC,DJI_0209,53.98,30,32,21,5,46,0.17347826086956514
DC,DJI_0209,97.96,30,32,21,6,46,1.1295652173913042
DC,DJI_0209,53.98,32,32,21,5,46,0.17347826086956514
DC,DJI_0209,97.96,32,32,21,6,46,1.1295652173913042
DC,DJI_0209,53.98,34,32,21,5,46,0.17347826086956514
DC,DJI_0209,97.96,34,32,21,6,46,1.1295652173913042
DC,DJI_0209,52.98,36,32,21,5,46,0.15173913043478254
DC,DJI_0209,96.96,36,32,21,6,46,1.1078260869565215
DC,DJI_0209,52.98,38,32,21,5,46,0.15173913043478254
DC,DJI_0209,96.96,38,32,21,6,46,1.1078260869565215
DC,DJI_0209,50.98,40,32,21,5,46,0.10826086956521733
DC,DJI_0209,94.96,40,32,21,6,46,1.0643478260869563
DC,DJI_0209,48.209999999999994,30,34,21,5,46,0.04804347826086943
DC,DJI_0209,85.41999999999999,30,34,21,6,46,0.8569565217391302
DC,DJI_0209,48.209999999999994,32,34,21,5,46,0.04804347826086943
DC,DJI_0209,85.41999999999999,32,34,21,6,46,0.8569565217391302
DC,DJI_0209,48.209999999999994,34,34,21,5,46,0.04804347826086943
DC,DJI_0209,85.41999999999999,34,34,21,6,46,0.8569565217391302
DC,DJI_0209,47.209999999999994,36,34,21,5,46,0.02630434782608682
DC,DJI_0209,84.41999999999999,36,34,21,6,46,0.8352173913043476
DC,DJI_0209,47.209999999999994,38,34,21,5,46,0.02630434782608682
DC,DJI_0209,84.41999999999999,38,34,21,6,46,0.8352173913043476
DC,DJI_0209,45.209999999999994,40,34,21,5,46,0.017173913043478397
DC,DJI_0209,82.41999999999999,40,34,21,6,46,0.7917391304347824
DC,DJI_0209,42.099999999999994,30,36,21,5,46,0.0847826086956523
DC,DJI_0209,70.19999999999999,30,36,21,6,46,0.5260869565217389
DC,DJI_0209,42.099999999999994,32,36,21,5,46,0.0847826086956523
DC,DJI_0209,70.19999999999999,32,36,21,6,46,0.5260869565217389
DC,DJI_0209,42.099999999999994,34,36,21,5,46,0.0847826086956523
DC,DJI_0209,70.19999999999999,34,36,21,6,46,0.5260869565217389
DC,DJI_0209,41.099999999999994,36,36,21,5,46,0.1065217391304349
DC,DJI_0209,69.19999999999999,36,36,21,6,46,0.5043478260869563
DC,DJI_0209,40.099999999999994,38,36,21,5,46,0.1282608695652175
DC,DJI_0209,68.19999999999999,38,36,21,6,46,0.4826086956521737
DC,DJI_0209,38.099999999999994,40,36,21,5,46,0.17173913043478273
DC,DJI_0209,66.19999999999999,40,36,21,6,46,0.43913043478260844
DC,DJI_0209,31.669999999999998,30,38,21,5,46,0.31152173913043485
DC,DJI_0209,31.669999999999998,30,38,21,6,46,0.31152173913043485
DC,DJI_0209,31.669999999999998,32,38,21,5,46,0.31152173913043485
DC,DJI_0209,31.669999999999998,32,38,21,6,46,0.31152173913043485
DC,DJI_0209,31.669999999999998,34,38,21,5,46,0.31152173913043485
DC,DJI_0209,31.669999999999998,34,38,21,6,46,0.31152173913043485
DC,DJI_0209,30.669999999999998,36,38,21,5,46,0.33326086956521744
DC,DJI_0209,30.669999999999998,36,38,21,6,46,0.33326086956521744
DC,DJI_0209,29.669999999999998,38,38,21,5,46,0.35500000000000004
DC,DJI_0209,29.669999999999998,38,38,21,6,46,0.35500000000000004
DC,DJI_0209,27.669999999999998,40,38,21,5,46,0.3984782608695653
DC,DJI_0209,27.669999999999998,40,38,21,6,46,0.3984782608695653
DC,DJI_0209,14.0,30,40,21,5,46,0.6956521739130435
DC,DJI_0209,14.0,30,40,21,6,46,0.6956521739130435
DC,DJI_0209,14.0,32,40,21,5,46,0.6956521739130435
DC,DJI_0209,14.0,32,40,21,6,46,0.6956521739130435
DC,DJI_0209,14.0,34,40,21,5,46,0.6956521739130435
DC,DJI_0209,14.0,34,40,21,6,46,0.6956521739130435
DC,DJI_0209,13.0,36,40,21,5,46,0.717391304347826
DC,DJI_0209,13.0,36,40,21,6,46,0.717391304347826
DC,DJI_0209,12.0,38,40,21,5,46,0.7391304347826086
DC,DJI_0209,12.0,38,40,21,6,46,0.7391304347826086
DC,DJI_0209,10.0,40,40,21,5,46,0.782608695652174
DC,DJI_0209,10.0,40,40,21,6,46,0.782608695652174
DC,DJI_0223,4.0,30,30,20,5,7,0.42857142857142855
DC,DJI_0223,4.0,30,30,20,6,7,0.42857142857142855
DC,DJI_0223,2.0,32,30,20,5,7,0.7142857142857143
DC,DJI_0223,2.0,32,30,20,6,7,0.7142857142857143
DC,DJI_0223,2.0,34,30,20,5,7,0.7142857142857143
DC,DJI_0223,2.0,34,30,20,6,7,0.7142857142857143
DC,DJI_0223,2.0,36,30,20,5,7,0.7142857142857143
DC,DJI_0223,2.0,36,30,20,6,7,0.7142857142857143
DC,DJI_0223,2.0,38,30,20,5,7,0.7142857142857143
DC,DJI_0223,2.0,38,30,20,6,7,0.7142857142857143
DC,DJI_0223,1.0,40,30,20,5,7,0.8571428571428571
DC,DJI_0223,1.0,40,30,20,6,7,0.8571428571428571
DC,DJI_0223,4.0,30,32,20,5,7,0.42857142857142855
DC,DJI_0223,4.0,30,32,20,6,7,0.42857142857142855
DC,DJI_0223,2.0,32,32,20,5,7,0.7142857142857143
DC,DJI_0223,2.0,32,32,20,6,7,0.7142857142857143
DC,DJI_0223,2.0,34,32,20,5,7,0.7142857142857143
DC,DJI_0223,2.0,34,32,20,6,7,0.7142857142857143
DC,DJI_0223,2.0,36,32,20,5,7,0.7142857142857143
DC,DJI_0223,2.0,36,32,20,6,7,0.7142857142857143
DC,DJI_0223,2.0,38,32,20,5,7,0.7142857142857143
DC,DJI_0223,2.0,38,32,20,6,7,0.7142857142857143
DC,DJI_0223,1.0,40,32,20,5,7,0.8571428571428571
DC,DJI_0223,1.0,40,32,20,6,7,0.8571428571428571
DC,DJI_0223,6.0,30,34,20,5,7,0.14285714285714285
DC,DJI_0223,6.0,30,34,20,6,7,0.14285714285714285
DC,DJI_0223,3.0,32,34,20,5,7,0.5714285714285714
DC,DJI_0223,3.0,32,34,20,6,7,0.5714285714285714
DC,DJI_0223,3.0,34,34,20,5,7,0.5714285714285714
DC,DJI_0223,3.0,34,34,20,6,7,0.5714285714285714
DC,DJI_0223,3.0,36,34,20,5,7,0.5714285714285714
DC,DJI_0223,3.0,36,34,20,6,7,0.5714285714285714
DC,DJI_0223,3.0,38,34,20,5,7,0.5714285714285714
DC,DJI_0223,3.0,38,34,20,6,7,0.5714285714285714
DC,DJI_0223,2.0,40,34,20,5,7,0.7142857142857143
DC,DJI_0223,2.0,40,34,20,6,7,0.7142857142857143
DC,DJI_0223,6.0,30,36,20,5,7,0.14285714285714285
DC,DJI_0223,6.0,30,36,20,6,7,0.14285714285714285
DC,DJI_0223,3.0,32,36,20,5,7,0.5714285714285714
DC,DJI_0223,3.0,32,36,20,6,7,0.5714285714285714
DC,DJI_0223,3.0,34,36,20,5,7,0.5714285714285714
DC,DJI_0223,3.0,34,36,20,6,7,0.5714285714285714
DC,DJI_0223,3.0,36,36,20,5,7,0.5714285714285714
DC,DJI_0223,3.0,36,36,20,6,7,0.5714285714285714
DC,DJI_0223,3.0,38,36,20,5,7,0.5714285714285714
DC,DJI_0223,3.0,38,36,20,6,7,0.5714285714285714
DC,DJI_0223,2.0,40,36,20,5,7,0.7142857142857143
DC,DJI_0223,2.0,40,36,20,6,7,0.7142857142857143
DC,DJI_0223,6.0,30,38,20,5,7,0.14285714285714285
DC,DJI_0223,6.0,30,38,20,6,7,0.14285714285714285
DC,DJI_0223,3.0,32,38,20,5,7,0.5714285714285714
DC,DJI_0223,3.0,32,38,20,6,7,0.5714285714285714
DC,DJI_0223,3.0,34,38,20,5,7,0.5714285714285714
DC,DJI_0223,3.0,34,38,20,6,7,0.5714285714285714
DC,DJI_0223,3.0,36,38,20,5,7,0.5714285714285714
DC,DJI_0223,3.0,36,38,20,6,7,0.5714285714285714
DC,DJI_0223,3.0,38,38,20,5,7,0.5714285714285714
DC,DJI_0223,3.0,38,38,20,6,7,0.5714285714285714
DC,DJI_0223,2.0,40,38,20,5,7,0.7142857142857143
DC,DJI_0223,2.0,40,38,20,6,7,0.7142857142857143
DC,DJI_0223,6.0,30,40,20,5,7,0.14285714285714285
DC,DJI_0223,6.0,30,40,20,6,7,0.14285714285714285
DC,DJI_0223,3.0,32,40,20,5,7,0.5714285714285714
DC,DJI_0223,3.0,32,40,20,6,7,0.5714285714285714
DC,DJI_0223,3.0,34,40,20,5,7,0.5714285714285714
DC,DJI_0223,3.0,34,40,20,6,7,0.5714285714285714
DC,DJI_0223,3.0,36,40,20,5,7,0.5714285714285714
DC,DJI_0223,3.0,36,40,20,6,7,0.5714285714285714
DC,DJI_0223,3.0,38,40,20,5,7,0.5714285714285714
DC,DJI_0223,3.0,38,40,20,6,7,0.5714285714285714
DC,DJI_0223,2.0,40,40,20,5,7,0.7142857142857143
DC,DJI_0223,2.0,40,40,20,6,7,0.7142857142857143
DC,DJI_0223,4.0,30,30,21,5,7,0.42857142857142855
DC,DJI_0223,4.0,30,30,21,6,7,0.42857142857142855
DC,DJI_0223,2.0,32,30,21,5,7,0.7142857142857143
DC,DJI_0223,2.0,32,30,21,6,7,0.7142857142857143
DC,DJI_0223,2.0,34,30,21,5,7,0.7142857142857143
DC,DJI_0223,2.0,34,30,21,6,7,0.7142857142857143
DC,DJI_0223,2.0,36,30,21,5,7,0.7142857142857143
DC,DJI_0223,2.0,36,30,21,6,7,0.7142857142857143
DC,DJI_0223,2.0,38,30,21,5,7,0.7142857142857143
DC,DJI_0223,2.0,38,30,21,6,7,0.7142857142857143
DC,DJI_0223,1.0,40,30,21,5,7,0.8571428571428571
DC,DJI_0223,1.0,40,30,21,6,7,0.8571428571428571
DC,DJI_0223,4.0,30,32,21,5,7,0.42857142857142855
DC,DJI_0223,4.0,30,32,21,6,7,0.42857142857142855
DC,DJI_0223,2.0,32,32,21,5,7,0.7142857142857143
DC,DJI_0223,2.0,32,32,21,6,7,0.7142857142857143
DC,DJI_0223,2.0,34,32,21,5,7,0.7142857142857143
DC,DJI_0223,2.0,34,32,21,6,7,0.7142857142857143
DC,DJI_0223,2.0,36,32,21,5,7,0.7142857142857143
DC,DJI_0223,2.0,36,32,21,6,7,0.7142857142857143
DC,DJI_0223,2.0,38,32,21,5,7,0.7142857142857143
DC,DJI_0223,2.0,38,32,21,6,7,0.7142857142857143
DC,DJI_0223,1.0,40,32,21,5,7,0.8571428571428571
DC,DJI_0223,1.0,40,32,21,6,7,0.8571428571428571
DC,DJI_0223,6.0,30,34,21,5,7,0.14285714285714285
DC,DJI_0223,6.0,30,34,21,6,7,0.14285714285714285
DC,DJI_0223,3.0,32,34,21,5,7,0.5714285714285714
DC,DJI_0223,3.0,32,34,21,6,7,0.5714285714285714
DC,DJI_0223,3.0,34,34,21,5,7,0.5714285714285714
DC,DJI_0223,3.0,34,34,21,6,7,0.5714285714285714
DC,DJI_0223,3.0,36,34,21,5,7,0.5714285714285714
DC,DJI_0223,3.0,36,34,21,6,7,0.5714285714285714
DC,DJI_0223,3.0,38,34,21,5,7,0.5714285714285714
DC,DJI_0223,3.0,38,34,21,6,7,0.5714285714285714
DC,DJI_0223,2.0,40,34,21,5,7,0.7142857142857143
DC,DJI_0223,2.0,40,34,21,6,7,0.7142857142857143
DC,DJI_0223,6.0,30,36,21,5,7,0.14285714285714285
DC,DJI_0223,6.0,30,36,21,6,7,0.14285714285714285
DC,DJI_0223,3.0,32,36,21,5,7,0.5714285714285714
DC,DJI_0223,3.0,32,36,21,6,7,0.5714285714285714
DC,DJI_0223,3.0,34,36,21,5,7,0.5714285714285714
DC,DJI_0223,3.0,34,36,21,6,7,0.5714285714285714
DC,DJI_0223,3.0,36,36,21,5,7,0.5714285714285714
DC,DJI_0223,3.0,36,36,21,6,7,0.5714285714285714
DC,DJI_0223,3.0,38,36,21,5,7,0.5714285714285714
DC,DJI_0223,3.0,38,36,21,6,7,0.5714285714285714
DC,DJI_0223,2.0,40,36,21,5,7,0.7142857142857143
DC,DJI_0223,2.0,40,36,21,6,7,0.7142857142857143
DC,DJI_0223,6.0,30,38,21,5,7,0.14285714285714285
DC,DJI_0223,6.0,30,38,21,6,7,0.14285714285714285
DC,DJI_0223,3.0,32,38,21,5,7,0.5714285714285714
DC,DJI_0223,3.0,32,38,21,6,7,0.5714285714285714
DC,DJI_0223,3.0,34,38,21,5,7,0.5714285714285714
DC,DJI_0223,3.0,34,38,21,6,7,0.5714285714285714
DC,DJI_0223,3.0,36,38,21,5,7,0.5714285714285714
DC,DJI_0223,3.0,36,38,21,6,7,0.5714285714285714
DC,DJI_0223,3.0,38,38,21,5,7,0.5714285714285714
DC,DJI_0223,3.0,38,38,21,6,7,0.5714285714285714
DC,DJI_0223,2.0,40,38,21,5,7,0.7142857142857143
DC,DJI_0223,2.0,40,38,21,6,7,0.7142857142857143
DC,DJI_0223,6.0,30,40,21,5,7,0.14285714285714285
DC,DJI_0223,6.0,30,40,21,6,7,0.14285714285714285
DC,DJI_0223,3.0,32,40,21,5,7,0.5714285714285714
DC,DJI_0223,3.0,32,40,21,6,7,0.5714285714285714
DC,DJI_0223,3.0,34,40,21,5,7,0.5714285714285714
DC,DJI_0223,3.0,34,40,21,6,7,0.5714285714285714
DC,DJI_0223,3.0,36,40,21,5,7,0.5714285714285714
DC,DJI_0223,3.0,36,40,21,6,7,0.5714285714285714
DC,DJI_0223,3.0,38,40,21,5,7,0.5714285714285714
DC,DJI_0223,3.0,38,40,21,6,7,0.5714285714285714
DC,DJI_0223,2.0,40,40,21,5,7,0.7142857142857143
DC,DJI_0223,2.0,40,40,21,6,7,0.7142857142857143
